,,,RECEIVING,RECEIVING,RECEIVING,RECEIVING,RECEIVING,RECEIVING,RECEIVING,RUSHING,RUSHING,RUSHING,MISC,STANDARD
Player,Season,Week,REC,TGT,YDS,Y/R,LG,20+,TD,ATT,YDS,TD,FL,FPTS
Rob Gronkowski (FA),2021,1,8,8,90,11.3,20,2,2,0,0,0,0,21.0
Travis Kelce (KC),2021,1,6,7,76,12.7,19,0,2,0,0,0,0,19.6
T.J. Hockenson (MIN),2021,1,8,11,97,12.1,23,2,1,0,0,0,0,17.7
Darren Waller (NYG),2021,1,10,19,105,10.5,24,1,1,0,0,0,0,16.5
Juwan Johnson (NO),2021,1,3,3,21,7.0,12,0,2,0,0,0,0,14.1
Dallas Goedert (PHI),2021,1,4,5,42,10.5,13,0,1,0,0,0,0,10.2
Logan Thomas (WAS),2021,1,3,3,30,10.0,12,0,1,0,0,0,0,9.0
Chris Manhertz (DEN),2021,1,1,1,22,22.0,22,1,1,0,0,0,0,8.2
Gerald Everett (LAC),2021,1,2,2,20,10.0,11,0,1,0,0,0,0,8.0
George Kittle (SF),2021,1,4,5,78,19.5,35,3,0,0,0,0,0,7.8
David Njoku (CLE),2021,1,3,5,76,25.3,43,5,0,0,0,0,0,7.6
Tyler Higbee (LAR),2021,1,5,6,68,13.6,37,2,0,0,0,0,0,6.8
Pharaoh Brown (FA),2021,1,4,5,67,16.8,29,2,0,0,0,0,0,6.7
Noah Fant (SEA),2021,1,6,8,62,10.3,25,1,0,0,0,0,0,6.2
Jared Cook (FA),2021,1,5,8,56,11.2,23,1,0,0,0,0,0,5.6
Albert Okwuegbunam (DEN),2021,1,3,3,16,5.3,6,0,1,0,0,0,1,5.6
James O'Shaughnessy (FA),2021,1,6,8,48,8.0,22,1,0,0,0,0,0,4.8
Jonnu Smith (ATL),2021,1,5,5,42,8.4,11,0,0,1,6,0,0,4.8
Dalton Schultz (HOU),2021,1,6,6,45,7.5,16,0,0,0,0,0,0,4.5
Cole Kmet (CHI),2021,1,5,7,42,8.4,10,0,0,0,0,0,0,4.2
Dawson Knox (BUF),2021,1,4,4,41,10.3,13,0,0,0,0,0,0,4.1
Tyler Conklin (NYJ),2021,1,4,4,41,10.3,27,1,0,0,0,0,0,4.1
Will Dissly (SEA),2021,1,3,3,37,12.3,22,1,0,0,0,0,0,3.7
C.J. Uzomah (NYJ),2021,1,2,2,35,17.5,32,2,0,0,0,0,0,3.5
Zach Ertz (ARI),2021,1,2,2,34,17.0,28,1,0,0,0,0,0,3.4
Hunter Henry (NE),2021,1,3,3,31,10.3,16,0,0,0,0,0,0,3.1
Kyle Pitts (ATL),2021,1,4,8,31,7.8,18,0,0,0,0,0,0,3.1
Hayden Hurst (CAR),2021,1,4,4,28,7.0,9,0,0,0,0,0,0,2.8
Austin Hooper (LV),2021,1,3,3,27,9.0,14,0,0,0,0,0,0,2.7
Tyler Kroft (FA),2021,1,3,5,26,8.7,10,0,0,0,0,0,0,2.6
Pat Freiermuth (PIT),2021,1,1,1,24,24.0,24,1,0,0,0,0,0,2.4
Ryan Griffin (FA),2021,1,3,6,22,7.3,8,0,0,0,0,0,0,2.2
Jack Doyle (FA),2021,1,3,4,21,7.0,9,0,0,0,0,0,0,2.1
Mark Andrews (BAL),2021,1,3,5,20,6.7,10,0,0,0,0,0,0,2.0
Blake Jarwin (FA),2021,1,3,3,20,6.7,7,0,0,0,0,0,0,2.0
Marcedes Lewis (FA),2021,1,1,1,19,19.0,19,0,0,0,0,0,0,1.9
Anthony Firkser (FA),2021,1,3,4,19,6.3,11,0,0,0,0,0,0,1.9
Eric Ebron (FA),2021,1,1,2,19,19.0,19,0,0,0,0,0,0,1.9
Adam Trautman (NO),2021,1,3,6,18,6.0,8,0,0,0,0,0,0,1.8
Ian Thomas (CAR),2021,1,1,2,17,17.0,17,0,0,0,0,0,0,1.7
Harrison Bryant (CLE),2021,1,1,2,17,17.0,17,0,0,0,0,0,0,1.7
Jimmy Graham (FA),2021,1,1,2,11,11.0,11,0,0,0,0,0,0,1.1
Durham Smythe (MIA),2021,1,1,2,9,9.0,9,0,0,0,0,0,0,0.9
Robert Tonyan (CHI),2021,1,2,4,8,4.0,5,0,0,0,0,0,0,0.8
Kyle Rudolph (FA),2021,1,2,5,8,4.0,6,0,0,0,0,0,0,0.8
Eric Saubert (MIA),2021,1,1,2,7,7.0,7,0,0,0,0,0,0,0.7
Dan Arnold (FA),2021,1,2,3,6,3.0,5,0,0,0,0,0,0,0.6
Blake Bell (KC),2021,1,1,1,3,3.0,3,0,0,1,2,0,0,0.5
Darren Fells (FA),2021,1,1,1,2,2.0,2,0,0,0,0,0,0,0.2
Stephen Anderson (FA),2021,1,1,2,1,1.0,1,0,0,0,0,0,0,0.1
Feleipe Franks (ATL),2021,1,0,0,0,0.0,0,0,0,0,0,0,0,0.0
J.J. Arcega-Whiteside (FA),2021,1,0,0,0,0.0,0,0,0,0,0,0,0,0.0
Kaden Smith (FA),2021,1,0,0,0,0.0,0,0,0,0,0,0,0,0.0
Josh Oliver (MIN),2021,1,0,1,0,0.0,0,0,0,0,0,0,0,0.0
Chris Herndon IV (FA),2021,1,0,2,0,0.0,0,0,0,0,0,0,0,0.0
Jared Pinkney (FA),2021,1,0,0,0,0.0,0,0,0,0,0,0,0,0.0
Donald Parham Jr. (LAC),2021,1,0,1,0,0.0,0,0,0,0,0,0,0,0.0
Dominique Dafney (TB),2021,1,0,0,0,0.0,0,0,0,0,0,0,0,0.0
Tommy Tremble (CAR),2021,1,0,0,0,0.0,0,0,0,0,0,0,0,0.0
Demetrius Harris (FA),2021,1,0,3,0,0.0,0,0,0,0,0,0,0,0.0
Jordan Akins (CLE),2021,1,0,2,0,0.0,0,0,0,0,0,0,0,0.0
Andrew DePaola (MIN),2021,1,0,0,0,0.0,0,0,0,0,0,0,0,0.0
Taysom Hill (NO),2021,1,0,0,0,0.0,0,0,0,2,1,0,0,0.0
Mike Gesicki (NE),2021,1,0,3,0,0.0,0,0,0,0,0,0,0,0.0
Mo Alie-Cox (IND),2021,1,0,2,0,0.0,0,0,0,0,0,0,0,0.0
Darrell Daniels (FA),2021,1,0,0,0,0.0,0,0,0,0,0,0,0,0.0
Johnny Mundt (MIN),2021,1,0,0,0,0.0,0,0,0,0,0,0,0,0.0
Eric Tomlinson (FA),2021,1,0,0,0,0.0,0,0,0,0,0,0,0,0.0
Daniel Brown (FA),2021,1,0,0,0,0.0,0,0,0,0,0,0,0,0.0
Geoff Swaim (FA),2021,1,0,1,0,0.0,0,0,0,0,0,0,0,0.0
Maxx Williams (FA),2021,1,0,1,0,0.0,0,0,0,0,0,0,0,0.0
Zach Gentry (PIT),2021,1,1,1,-2,-2.0,0,0,0,0,0,0,0,-0.2
Travis Kelce (KC),2021,2,7,8,109,15.6,46,3,1,0,0,0,0,16.9
Rob Gronkowski (FA),2021,2,4,5,39,9.8,20,1,2,0,0,0,0,15.9
T.J. Hockenson (MIN),2021,2,8,9,66,8.3,20,1,1,0,0,0,0,12.6
Robert Tonyan (CHI),2021,2,3,3,52,17.3,22,1,1,0,0,0,0,11.2
Foster Moreau (FA),2021,2,2,3,34,17.0,25,1,1,0,0,0,0,9.4
Maxx Williams (FA),2021,2,7,7,94,13.4,34,3,0,0,0,0,0,9.4
Noah Fant (SEA),2021,2,4,6,33,8.3,14,0,1,0,0,0,0,9.3
Jack Doyle (FA),2021,2,5,8,64,12.8,34,2,0,0,0,0,0,8.4
Ricky Seals-Jones (FA),2021,2,1,1,19,19.0,19,0,1,0,0,0,0,7.9
Dawson Knox (BUF),2021,2,2,3,17,8.5,9,0,1,0,0,0,0,7.7
Kyle Pitts (ATL),2021,2,5,6,73,14.6,24,2,0,0,0,0,0,7.3
Darren Waller (NYG),2021,2,5,7,65,13.0,25,1,0,0,0,0,0,6.5
Mark Andrews (BAL),2021,2,5,5,57,11.4,20,1,0,0,0,0,0,5.7
Dan Arnold (FA),2021,2,3,4,55,18.3,19,0,0,0,0,0,0,5.5
Harrison Bryant (CLE),2021,2,4,4,49,12.3,29,1,0,0,0,0,0,4.9
Logan Thomas (WAS),2021,2,5,7,45,9.0,24,1,0,0,0,0,0,4.5
MyCole Pruitt (FA),2021,2,3,3,43,14.3,22,1,0,0,0,0,0,4.3
Hunter Henry (NE),2021,2,2,4,42,21.0,32,2,0,0,0,0,0,4.2
Mike Gesicki (NE),2021,2,3,6,41,13.7,18,0,0,0,0,0,0,4.1
Austin Hooper (LV),2021,2,5,5,40,8.0,13,0,0,0,0,0,0,4.0
Blake Jarwin (FA),2021,2,3,4,37,12.3,20,1,0,0,0,0,0,3.7
Pat Freiermuth (PIT),2021,2,4,4,36,9.0,14,0,0,0,0,0,0,3.6
Jared Cook (FA),2021,2,3,5,28,9.3,12,0,0,0,0,0,0,2.8
Jonnu Smith (ATL),2021,2,4,5,28,7.0,19,0,0,0,0,0,0,2.8
Kyle Rudolph (FA),2021,2,2,2,25,12.5,13,0,0,0,0,0,0,2.5
James O'Shaughnessy (FA),2021,2,1,1,24,24.0,24,1,0,0,0,0,0,2.4
Albert Okwuegbunam (DEN),2021,2,4,4,24,6.0,14,0,0,0,0,0,0,2.4
Kaden Smith (FA),2021,2,2,2,24,12.0,21,1,0,0,0,0,0,2.4
Dallas Goedert (PHI),2021,2,2,2,24,12.0,14,0,0,0,0,0,0,2.4
Juwan Johnson (NO),2021,2,1,3,23,23.0,23,1,0,0,0,0,0,2.3
O.J. Howard (LV),2021,2,1,1,21,21.0,21,1,0,0,0,0,0,2.1
Blake Bell (KC),2021,2,1,1,20,20.0,20,1,0,0,0,0,0,2.0
Mo Alie-Cox (IND),2021,2,1,2,18,18.0,18,0,0,0,0,0,0,1.8
David Njoku (CLE),2021,2,2,3,18,9.0,11,0,0,0,0,0,0,1.8
Dalton Schultz (HOU),2021,2,2,2,18,9.0,11,0,0,0,0,0,0,1.8
Jordan Akins (CLE),2021,2,1,2,17,17.0,17,0,0,0,0,0,0,1.7
George Kittle (SF),2021,2,4,4,17,4.3,8,0,0,0,0,0,0,1.7
Tyler Conklin (NYJ),2021,2,2,4,15,7.5,9,0,0,0,0,0,0,1.5
Tommy Hudson (FA),2021,2,1,2,14,14.0,14,0,0,0,0,0,0,1.4
Derek Carrier (FA),2021,2,2,2,13,6.5,9,0,0,0,0,0,0,1.3
Geoff Swaim (FA),2021,2,2,2,10,5.0,5,0,0,0,0,0,0,1.0
Ryan Griffin (FA),2021,2,2,2,10,5.0,5,0,0,0,0,0,0,1.0
Lee Smith (FA),2021,2,1,1,9,9.0,9,0,0,0,0,0,0,0.9
Stephen Anderson (FA),2021,2,2,2,9,4.5,7,0,0,0,0,0,0,0.9
Josh Oliver (MIN),2021,2,1,1,9,9.0,9,0,0,0,0,0,0,0.9
Tyler Kroft (FA),2021,2,1,2,8,8.0,8,0,0,0,0,0,0,0.8
Cethan Carter (FA),2021,2,1,1,8,8.0,8,0,0,0,0,0,0,0.8
Tyler Higbee (LAR),2021,2,1,1,8,8.0,8,0,0,0,0,0,0,0.8
Cameron Brate (FA),2021,2,1,1,8,8.0,8,0,0,0,0,0,0,0.8
Eric Saubert (MIA),2021,2,1,1,7,7.0,7,0,0,0,0,0,0,0.7
Ian Thomas (CAR),2021,2,1,2,7,7.0,7,0,0,0,0,0,0,0.7
Hayden Hurst (CAR),2021,2,1,1,6,6.0,6,0,0,0,0,0,0,0.6
Luke Farrell (JAC),2021,2,1,2,6,6.0,6,0,0,0,0,0,0,0.6
Zach Ertz (ARI),2021,2,1,2,6,6.0,6,0,0,0,0,0,0,0.6
C.J. Uzomah (NYJ),2021,2,2,2,4,2.0,3,0,0,0,0,0,0,0.4
Gerald Everett (LAC),2021,2,1,2,3,3.0,3,0,0,0,0,0,0,0.3
Giovanni Ricci (CAR),2021,2,0,0,0,0.0,0,0,0,0,0,0,0,0.0
Reggie Gilliam (BUF),2021,2,0,0,0,0.0,0,0,0,2,2,0,0,0.0
Ben Ellefson (MIN),2021,2,0,0,0,0.0,0,0,0,0,0,0,0,0.0
Durham Smythe (MIA),2021,2,0,0,0,0.0,0,0,0,0,0,0,0,0.0
Cole Kmet (CHI),2021,2,1,1,0,0.0,0,0,0,0,0,0,0,0.0
Parker Hesse (ATL),2021,2,0,1,0,0.0,0,0,0,0,0,0,0,0.0
Jody Fortson (KC),2021,2,1,1,11,11.0,11,0,0,0,0,0,0,0.0
Donald Parham Jr. (LAC),2021,2,0,0,0,0.0,0,0,0,0,0,0,0,0.0
Matthew Orzech (GB),2021,2,0,0,0,0.0,0,0,0,0,0,0,0,0.0
Jack Stoll (PHI),2021,2,0,0,0,0.0,0,0,0,0,0,0,0,0.0
John Bates (WAS),2021,2,0,0,0,0.0,0,0,0,0,0,0,0,0.0
Demetrius Harris (FA),2021,2,0,0,0,0.0,0,0,0,0,0,0,0,0.0
Eric Ebron (FA),2021,2,0,2,0,0.0,0,0,0,0,0,0,0,0.0
Taysom Hill (NO),2021,2,0,0,0,0.0,0,0,0,2,16,0,0,0.0
Pharaoh Brown (FA),2021,2,0,1,0,0.0,0,0,0,0,0,0,0,0.0
Darrell Daniels (FA),2021,2,0,0,0,0.0,0,0,0,0,0,0,0,0.0
Adam Shaheen (FA),2021,2,0,0,0,0.0,0,0,0,0,0,0,0,0.0
Chris Manhertz (DEN),2021,2,0,1,0,0.0,0,0,0,0,0,0,0,0.0
Dalton Schultz (HOU),2021,3,6,7,80,13.3,22,1,2,0,0,0,0,20.0
Tyler Conklin (NYJ),2021,3,7,8,70,10.0,17,0,1,0,0,0,0,13.0
Zach Ertz (ARI),2021,3,4,7,53,13.3,27,1,1,0,0,0,0,11.3
Dawson Knox (BUF),2021,3,4,5,49,12.3,19,0,1,0,0,0,0,10.9
Mark Andrews (BAL),2021,3,5,7,109,21.8,41,5,0,0,0,0,0,10.9
Travis Kelce (KC),2021,3,7,11,104,14.9,28,2,0,0,0,0,0,10.4
George Kittle (SF),2021,3,7,9,92,13.1,39,2,0,1,9,0,0,10.1
Tyler Higbee (LAR),2021,3,5,5,40,8.0,12,0,1,0,0,0,0,10.0
Tommy Tremble (CAR),2021,3,1,1,30,30.0,30,2,0,1,7,1,0,9.7
Mike Gesicki (NE),2021,3,10,12,86,8.6,27,1,0,0,0,0,0,8.6
Logan Thomas (WAS),2021,3,4,4,42,10.5,15,0,1,0,0,0,1,8.2
Pat Freiermuth (PIT),2021,3,3,5,22,7.3,15,0,1,0,0,0,0,8.2
Austin Hooper (LV),2021,3,2,3,19,9.5,13,0,1,0,0,0,0,7.9
Lee Smith (FA),2021,3,3,3,7,2.3,3,0,1,0,0,0,0,6.7
Dallas Goedert (PHI),2021,3,2,4,66,33.0,38,3,0,0,0,0,0,6.6
Rob Gronkowski (FA),2021,3,4,7,55,13.8,26,1,0,0,0,0,0,5.5
Darren Waller (NYG),2021,3,5,7,54,10.8,23,1,0,0,0,0,0,5.4
Gerald Everett (LAC),2021,3,5,5,54,10.8,17,0,0,0,0,0,0,5.4
Will Dissly (SEA),2021,3,1,1,39,39.0,39,2,0,0,0,0,0,3.9
Hunter Henry (NE),2021,3,5,6,36,7.2,9,0,0,0,0,0,0,3.6
Cameron Brate (FA),2021,3,4,5,35,8.8,17,0,0,0,0,0,0,3.5
Kyle Pitts (ATL),2021,3,2,3,35,17.5,25,1,0,0,0,0,0,3.5
Darren Fells (FA),2021,3,2,3,35,17.5,24,1,0,0,0,0,0,3.5
Jordan Akins (CLE),2021,3,4,5,32,8.0,12,0,0,0,0,0,0,3.2
Jared Cook (FA),2021,3,2,3,27,13.5,21,1,0,0,0,0,0,2.7
Geoff Swaim (FA),2021,3,3,4,27,9.0,26,1,0,0,0,0,0,2.7
Dan Arnold (FA),2021,3,2,4,23,11.5,12,0,0,0,0,0,0,2.3
Donald Parham Jr. (LAC),2021,3,1,1,19,19.0,19,0,0,0,0,0,0,1.9
Maxx Williams (FA),2021,3,3,3,19,6.3,7,0,0,0,0,0,0,1.9
Jacob Hollister (FA),2021,3,2,6,15,7.5,9,0,0,0,0,0,0,1.5
Noah Fant (SEA),2021,3,2,3,15,7.5,9,0,0,0,0,0,0,1.5
Blake Jarwin (FA),2021,3,2,2,14,7.0,8,0,0,0,0,0,0,1.4
Mo Alie-Cox (IND),2021,3,2,2,14,7.0,11,0,0,0,0,0,0,1.4
Tyler Kroft (FA),2021,3,2,2,12,6.0,8,0,0,0,0,0,0,1.2
O.J. Howard (LV),2021,3,1,1,11,11.0,11,0,0,0,0,0,0,1.1
Cole Kmet (CHI),2021,3,1,4,11,11.0,11,0,0,0,0,0,0,1.1
T.J. Hockenson (MIN),2021,3,2,2,10,5.0,5,0,0,0,0,0,0,1.0
Jack Doyle (FA),2021,3,1,2,10,10.0,10,0,0,0,0,0,0,1.0
Kaden Smith (FA),2021,3,1,1,9,9.0,9,0,0,0,0,0,0,0.9
Foster Moreau (FA),2021,3,1,2,8,8.0,8,0,0,0,0,0,0,0.8
MyCole Pruitt (FA),2021,3,1,1,7,7.0,7,0,0,0,0,0,0,0.7
Robert Tonyan (CHI),2021,3,1,1,6,6.0,6,0,0,0,0,0,0,0.6
Josh Oliver (MIN),2021,3,1,1,6,6.0,6,0,0,0,0,0,0,0.6
Blake Bell (KC),2021,3,1,1,6,6.0,6,0,0,0,0,0,0,0.6
Albert Okwuegbunam (DEN),2021,3,1,1,6,6.0,6,0,0,0,0,0,0,0.6
Noah Gray (KC),2021,3,1,1,5,5.0,5,0,0,0,0,0,0,0.5
Ryan Griffin (FA),2021,3,1,1,5,5.0,5,0,0,0,0,0,0,0.5
Jonnu Smith (ATL),2021,3,1,6,4,4.0,4,0,0,0,0,0,0,0.4
Josiah Deguara (GB),2021,3,1,1,4,4.0,4,0,0,0,0,0,0,0.4
Tommy Hudson (FA),2021,3,1,2,3,3.0,3,0,0,0,0,0,0,0.3
Tommy Sweeney (NYG),2021,3,2,2,2,1.0,1,0,0,0,0,0,0,0.2
Evan Engram (JAC),2021,3,2,6,21,10.5,13,0,0,0,0,0,1,0.1
Reggie Gilliam (BUF),2021,3,0,1,0,0.0,0,0,0,0,0,0,0,0.0
Drew Sample (FA),2021,3,0,0,0,0.0,0,0,0,0,0,0,0,0.0
Durham Smythe (MIA),2021,3,0,1,0,0.0,0,0,0,0,0,0,0,0.0
Harrison Bryant (CLE),2021,3,0,2,0,0.0,0,0,0,0,0,0,0,0.0
Adam Trautman (NO),2021,3,0,1,0,0.0,0,0,0,0,0,0,0,0.0
Juwan Johnson (NO),2021,3,0,1,0,0.0,0,0,0,0,0,0,0,0.0
Jody Fortson (KC),2021,3,2,2,7,3.5,5,0,1,0,0,0,0,0.0
Nick Ralston (FA),2021,3,0,0,0,0.0,0,0,0,0,0,0,0,0.0
John Bates (WAS),2021,3,0,0,0,0.0,0,0,0,0,0,0,0,0.0
Demetrius Harris (FA),2021,3,0,0,0,0.0,0,0,0,0,0,0,0,0.0
Eric Ebron (FA),2021,3,0,3,0,0.0,0,0,0,0,0,0,0,0.0
Jimmy Graham (FA),2021,3,0,1,0,0.0,0,0,0,0,0,0,0,0.0
Pharaoh Brown (FA),2021,3,0,0,0,0.0,0,0,0,0,0,0,0,0.0
Taysom Hill (NO),2021,3,0,0,0,0.0,0,0,0,6,32,1,0,0.0
Hayden Hurst (CAR),2021,3,0,1,0,0.0,0,0,0,0,0,0,0,0.0
Darrell Daniels (FA),2021,3,0,0,0,0.0,0,0,0,0,0,0,0,0.0
Adam Shaheen (FA),2021,3,0,0,0,0.0,0,0,0,0,0,0,0,0.0
Eric Saubert (MIA),2021,3,0,0,0,0.0,0,0,0,0,0,0,0,0.0
Johnny Mundt (MIN),2021,3,0,0,0,0.0,0,0,0,0,0,0,0,0.0
Jesse James (FA),2021,3,0,0,0,0.0,0,0,0,0,0,0,0,0.0
C.J. Uzomah (NYJ),2021,3,0,1,0,0.0,0,0,0,0,0,0,0,0.0
Chris Manhertz (DEN),2021,3,0,0,0,0.0,0,0,0,0,0,0,0,0.0
Luke Farrell (JAC),2021,3,1,1,-1,-1.0,0,0,0,0,0,0,0,-0.1
C.J. Uzomah (NYJ),2021,4,5,6,95,19.0,31,4,2,0,0,0,0,21.5
Mo Alie-Cox (IND),2021,4,3,5,42,14.0,28,1,2,0,0,0,0,16.2
Dawson Knox (BUF),2021,4,5,8,37,7.4,25,1,2,0,0,0,0,15.7
Jared Cook (FA),2021,4,6,7,70,11.7,22,1,1,0,0,0,0,13.0
Maxx Williams (FA),2021,4,5,5,66,13.2,25,1,1,0,0,0,0,12.6
Dalton Schultz (HOU),2021,4,6,8,58,9.7,18,0,1,0,0,0,0,11.8
Mike Gesicki (NE),2021,4,5,6,57,11.4,22,2,1,0,0,0,0,11.7
Dallas Goedert (PHI),2021,4,5,5,56,11.2,21,1,1,0,0,0,0,11.6
Darren Waller (NYG),2021,4,4,7,50,12.5,21,1,1,0,0,0,0,11.0
Noah Fant (SEA),2021,4,6,10,46,7.7,14,0,1,0,0,0,0,10.6
Hunter Henry (NE),2021,4,4,5,32,8.0,11,0,1,0,0,0,0,9.2
Ross Dwelley (SF),2021,4,1,1,21,21.0,21,1,1,0,0,0,0,8.1
Juwan Johnson (NO),2021,4,2,3,20,10.0,15,0,1,0,0,0,0,8.0
Blake Jarwin (FA),2021,4,1,3,18,18.0,18,0,1,0,0,0,0,7.8
Donald Parham Jr. (LAC),2021,4,2,3,17,8.5,13,0,1,0,0,0,0,7.7
Jonnu Smith (ATL),2021,4,3,5,14,4.7,12,0,1,0,0,0,0,7.4
Mark Andrews (BAL),2021,4,5,8,67,13.4,24,1,0,0,0,0,0,6.7
Zach Ertz (ARI),2021,4,6,8,60,10.0,19,0,0,0,0,0,0,6.0
Kyle Pitts (ATL),2021,4,4,9,50,12.5,15,0,0,0,0,0,0,5.0
T.J. Hockenson (MIN),2021,4,4,8,42,10.5,22,1,0,0,0,0,0,4.2
George Kittle (SF),2021,4,4,10,40,10.0,18,0,0,0,0,0,0,4.0
Tyler Higbee (LAR),2021,4,4,6,36,9.0,18,0,0,0,0,0,0,3.6
MyCole Pruitt (FA),2021,4,1,1,14,14.0,14,0,0,0,0,0,0,3.4
Stephen Anderson (FA),2021,4,1,1,34,34.0,34,2,0,0,0,0,0,3.4
Dan Arnold (FA),2021,4,2,2,29,14.5,17,0,0,0,0,0,0,2.9
Cameron Brate (FA),2021,4,2,6,29,14.5,18,0,0,0,0,0,0,2.9
Hayden Hurst (CAR),2021,4,4,4,29,7.3,12,0,0,0,0,0,0,2.9
Kyle Rudolph (FA),2021,4,2,3,24,12.0,20,1,0,0,0,0,0,2.4
Jack Doyle (FA),2021,4,1,1,24,24.0,24,1,0,0,0,0,0,2.4
Evan Engram (JAC),2021,4,5,6,27,5.4,8,0,0,1,-3,0,0,2.4
Anthony Firkser (FA),2021,4,3,5,23,7.7,10,0,0,0,0,0,0,2.3
Travis Kelce (KC),2021,4,4,6,23,5.8,10,0,0,0,0,0,0,2.3
Ricky Seals-Jones (FA),2021,4,2,4,19,9.5,16,0,0,0,0,0,0,1.9
Tyler Conklin (NYJ),2021,4,4,6,18,4.5,14,0,0,0,0,0,0,1.8
David Njoku (CLE),2021,4,2,2,17,8.5,9,0,0,0,0,0,0,1.7
Ian Thomas (CAR),2021,4,3,3,15,5.0,9,0,0,0,0,0,0,1.5
Tommy Hudson (FA),2021,4,1,1,14,14.0,14,0,0,0,0,0,0,1.4
Albert Okwuegbunam (DEN),2021,4,1,2,11,11.0,11,0,0,0,0,0,0,1.1
Austin Hooper (LV),2021,4,1,5,11,11.0,11,0,0,0,0,0,0,1.1
Pat Freiermuth (PIT),2021,4,1,1,11,11.0,11,0,0,0,0,0,0,1.1
Zach Gentry (PIT),2021,4,1,1,10,10.0,10,0,0,0,0,0,0,1.0
Johnny Mundt (MIN),2021,4,1,1,9,9.0,9,0,0,0,0,0,0,0.9
Robert Tonyan (CHI),2021,4,2,7,8,4.0,6,0,0,0,0,0,0,0.8
Eric Ebron (FA),2021,4,2,2,8,4.0,4,0,0,0,0,0,0,0.8
Ryan Griffin (FA),2021,4,1,4,8,8.0,8,0,0,0,0,0,0,0.8
Chris Manhertz (DEN),2021,4,1,1,7,7.0,7,0,0,0,0,0,0,0.7
Luke Farrell (JAC),2021,4,1,1,7,7.0,7,0,0,0,0,0,0,0.7
Marcedes Lewis (FA),2021,4,1,2,7,7.0,7,0,0,0,0,0,0,0.7
Pharaoh Brown (FA),2021,4,1,2,6,6.0,6,0,0,0,0,0,0,0.6
Cole Kmet (CHI),2021,4,1,3,6,6.0,6,0,0,0,0,0,0,0.6
Durham Smythe (MIA),2021,4,2,2,6,3.0,4,0,0,0,0,0,0,0.6
Jacob Hollister (FA),2021,4,1,1,5,5.0,5,0,0,0,0,0,0,0.5
Will Dissly (SEA),2021,4,2,2,5,2.5,3,0,0,0,0,0,0,0.5
Kylen Granson (IND),2021,4,1,2,3,3.0,3,0,0,0,0,0,0,0.3
Adam Trautman (NO),2021,4,1,1,3,3.0,3,0,0,0,0,0,0,0.3
Harrison Bryant (CLE),2021,4,1,2,3,3.0,3,0,0,0,0,0,0,0.3
Reggie Gilliam (BUF),2021,4,1,1,8,8.0,8,0,0,1,1,0,0,0.0
Feleipe Franks (ATL),2021,4,0,0,0,0.0,0,0,0,1,3,0,0,0.0
J.J. Arcega-Whiteside (FA),2021,4,0,0,0,0.0,0,0,0,0,0,0,0,0.0
Josh Oliver (MIN),2021,4,0,1,0,0.0,0,0,0,0,0,0,0,0.0
Trevon Wesco (FA),2021,4,0,1,0,0.0,0,0,0,0,0,0,0,0.0
Codey McElroy (FA),2021,4,0,1,0,0.0,0,0,0,0,0,0,0,0.0
Josiah Deguara (GB),2021,4,0,0,0,0.0,0,0,0,0,0,0,0,0.0
Noah Gray (KC),2021,4,0,1,0,0.0,0,0,0,0,0,0,0,0.0
Jody Fortson (KC),2021,4,1,1,2,2.0,2,0,1,0,0,0,0,0.0
Tommy Tremble (CAR),2021,4,0,1,0,0.0,0,0,0,0,0,0,0,0.0
Demetrius Harris (FA),2021,4,0,0,0,0.0,0,0,0,0,0,0,0,0.0
J.P. Holtz (FA),2021,4,0,0,0,0.0,0,0,0,0,0,0,0,0.0
Garrett Griffin (FA),2021,4,0,0,0,0.0,0,0,0,0,0,0,0,0.0
Taysom Hill (NO),2021,4,2,2,26,13.0,15,0,0,6,28,2,0,0.0
Colin Thompson (FA),2021,4,0,0,0,0.0,0,0,0,0,0,0,0,0.0
O.J. Howard (LV),2021,4,0,1,0,0.0,0,0,0,0,0,0,0,0.0
Adam Shaheen (FA),2021,4,0,1,0,0.0,0,0,0,0,0,0,0,0.0
Jeremy Sprinkle (FA),2021,4,0,0,0,0.0,0,0,0,0,0,0,0,0.0
Cethan Carter (FA),2021,4,0,0,0,0.0,0,0,0,0,0,0,0,0.0
Eric Saubert (MIA),2021,4,0,0,0,0.0,0,0,0,0,0,0,0,0.0
Geoff Swaim (FA),2021,4,0,1,0,0.0,0,0,0,0,0,0,0,0.0
Tyler Kroft (FA),2021,4,0,1,0,0.0,0,0,0,0,0,0,0,0.0
Jordan Akins (CLE),2021,4,1,1,4,4.0,4,0,0,1,3,0,1,-1.3
Mark Andrews (BAL),2021,5,11,13,147,13.4,28,2,2,0,0,0,0,30.7
David Njoku (CLE),2021,5,7,7,149,21.3,71,7,1,0,0,0,0,20.9
Kyle Pitts (ATL),2021,5,9,10,119,13.2,39,3,1,0,0,0,0,17.9
Dawson Knox (BUF),2021,5,3,4,117,39.0,53,8,1,0,0,0,0,17.7
Hunter Henry (NE),2021,5,6,8,75,12.5,21,1,1,0,0,0,0,13.5
Travis Kelce (KC),2021,5,6,10,57,9.5,15,0,1,0,0,0,0,11.7
Donald Parham Jr. (LAC),2021,5,2,2,29,14.5,22,1,1,0,0,0,0,10.9
Hayden Hurst (CAR),2021,5,4,5,40,10.0,17,0,1,0,0,0,1,8.0
Dalton Schultz (HOU),2021,5,6,8,79,13.2,30,2,0,0,0,0,0,7.9
Tyler Higbee (LAR),2021,5,2,2,14,7.0,13,0,1,0,0,0,0,7.4
MyCole Pruitt (FA),2021,5,1,1,14,14.0,14,0,1,0,0,0,0,7.4
Tommy Tremble (CAR),2021,5,2,4,12,6.0,7,0,1,0,0,0,0,7.2
Antony Auclair (FA),2021,5,1,1,11,11.0,11,0,1,0,0,0,0,7.1
Jesper Horsted (LV),2021,5,1,1,2,2.0,2,0,1,0,0,0,0,6.2
Jacob Hollister (FA),2021,5,1,1,1,1.0,1,0,1,0,0,0,0,6.1
Evan Engram (JAC),2021,5,4,4,55,13.8,18,0,0,0,0,0,0,5.5
Mo Alie-Cox (IND),2021,5,3,4,50,16.7,24,1,0,0,0,0,0,5.0
Darren Waller (NYG),2021,5,4,8,45,11.3,29,1,0,0,0,0,0,4.5
Dan Arnold (FA),2021,5,6,8,64,10.7,18,0,0,0,0,0,1,4.4
Adam Trautman (NO),2021,5,2,2,43,21.5,32,2,0,0,0,0,0,4.3
Mike Gesicki (NE),2021,5,4,7,43,10.8,23,1,0,0,0,0,0,4.3
Ricky Seals-Jones (FA),2021,5,5,9,41,8.2,16,0,0,0,0,0,0,4.1
Ian Thomas (CAR),2021,5,4,5,40,10.0,24,1,0,0,0,0,0,4.0
Marcedes Lewis (FA),2021,5,2,2,34,17.0,20,1,0,0,0,0,0,3.4
Anthony Firkser (FA),2021,5,3,4,33,11.0,14,0,0,0,0,0,0,3.3
Jonnu Smith (ATL),2021,5,2,2,27,13.5,23,1,0,1,5,0,0,3.2
Lee Smith (FA),2021,5,3,3,30,10.0,22,1,0,0,0,0,0,3.0
Jared Cook (FA),2021,5,1,3,29,29.0,29,1,0,0,0,0,0,2.9
Will Dissly (SEA),2021,5,2,4,29,14.5,21,1,0,0,0,0,0,2.9
Dallas Goedert (PHI),2021,5,2,3,28,14.0,20,1,0,0,0,0,0,2.8
Tyler Conklin (NYJ),2021,5,2,3,25,12.5,16,0,0,0,0,0,0,2.5
Ross Dwelley (SF),2021,5,2,2,25,12.5,13,0,0,0,0,0,0,2.5
Durham Smythe (MIA),2021,5,2,3,23,11.5,21,1,0,0,0,0,0,2.3
Cole Kmet (CHI),2021,5,2,4,22,11.0,14,0,0,0,0,0,0,2.2
T.J. Hockenson (MIN),2021,5,2,3,22,11.0,14,0,0,0,0,0,0,2.2
Pharaoh Brown (FA),2021,5,2,4,22,11.0,15,0,0,0,0,0,0,2.2
Noah Fant (SEA),2021,5,3,4,20,6.7,9,0,0,0,0,0,0,2.0
Austin Hooper (LV),2021,5,0,0,0,0.0,0,0,0,0,0,0,0,2.0
O.J. Howard (LV),2021,5,2,3,19,9.5,10,0,0,0,0,0,0,1.9
Kylen Granson (IND),2021,5,2,2,19,9.5,15,0,0,0,0,0,0,1.9
Jordan Akins (CLE),2021,5,2,2,17,8.5,9,0,0,0,0,0,0,1.7
C.J. Uzomah (NYJ),2021,5,2,2,16,8.0,9,0,0,0,0,0,0,1.6
Adam Shaheen (FA),2021,5,2,2,15,7.5,10,0,0,0,0,0,0,1.5
Maxx Williams (FA),2021,5,1,1,14,14.0,14,0,0,0,0,0,0,1.4
Kyle Rudolph (FA),2021,5,1,1,14,14.0,14,0,0,0,0,0,0,1.4
Luke Farrell (JAC),2021,5,1,1,13,13.0,13,0,0,0,0,0,0,1.3
Zach Gentry (PIT),2021,5,1,2,13,13.0,13,0,0,0,0,0,0,1.3
Josh Oliver (MIN),2021,5,2,2,13,6.5,7,0,0,0,0,0,0,1.3
Cameron Brate (FA),2021,5,1,1,12,12.0,12,0,0,0,0,0,0,1.2
Eric Ebron (FA),2021,5,2,2,10,5.0,5,0,0,0,0,0,0,1.0
Drew Sample (FA),2021,5,2,4,9,4.5,6,0,0,0,0,0,0,0.9
Robert Tonyan (CHI),2021,5,1,2,8,8.0,8,0,0,0,0,0,0,0.8
Zach Ertz (ARI),2021,5,1,6,7,7.0,7,0,0,0,0,0,0,0.7
Pat Freiermuth (PIT),2021,5,2,2,7,3.5,4,0,0,0,0,0,0,0.7
Ryan Griffin (FA),2021,5,1,2,4,4.0,4,0,0,0,0,0,0,0.4
Blake Bell (KC),2021,5,1,1,4,4.0,4,0,0,0,0,0,0,0.4
Jack Doyle (FA),2021,5,1,1,4,4.0,4,0,0,0,0,0,0,0.4
Charlie Woerner (SF),2021,5,1,1,4,4.0,4,0,0,0,0,0,0,0.4
Colby Parkinson (SEA),2021,5,1,2,1,1.0,1,0,0,0,0,0,0,0.1
Tommy Sweeney (NYG),2021,5,1,1,1,1.0,1,0,0,0,0,0,0,0.1
Chris Herndon IV (FA),2021,5,0,0,0,0.0,0,0,0,0,0,0,0,0.0
Giovanni Ricci (CAR),2021,5,0,0,0,0.0,0,0,0,0,0,0,0,0.0
Tyler Davis (GB),2021,5,0,0,0,0.0,0,0,0,0,0,0,0,0.0
Trevon Wesco (FA),2021,5,0,0,0,0.0,0,0,0,0,0,0,0,0.0
Codey McElroy (FA),2021,5,0,0,0,0.0,0,0,0,0,0,0,0,0.0
Kaden Smith (FA),2021,5,0,0,0,0.0,0,0,0,0,0,0,0,0.0
Foster Moreau (FA),2021,5,0,0,0,0.0,0,0,0,0,0,0,0,0.0
Harrison Bryant (CLE),2021,5,0,0,0,0.0,0,0,0,0,0,0,0,0.0
Juwan Johnson (NO),2021,5,0,1,0,0.0,0,0,0,0,0,0,0,0.0
Ben Ellefson (MIN),2021,5,0,1,0,0.0,0,0,0,0,0,0,0,0.0
Matthew Orzech (GB),2021,5,0,0,0,0.0,0,0,0,0,0,0,0,0.0
Garrett Griffin (FA),2021,5,0,0,0,0.0,0,0,0,0,0,0,0,0.0
Patrick Scales (CHI),2021,5,0,0,0,0.0,0,0,0,0,0,0,0,0.0
Andrew DePaola (MIN),2021,5,0,0,0,0.0,0,0,0,0,0,0,0,0.0
Stephen Anderson (FA),2021,5,0,1,0,0.0,0,0,0,0,0,0,0,0.0
Taysom Hill (NO),2021,5,1,2,11,11.0,11,0,0,0,0,0,0,0.0
Blake Jarwin (FA),2021,5,0,0,0,0.0,0,0,0,0,0,0,0,0.0
Geoff Swaim (FA),2021,5,0,1,0,0.0,0,0,0,0,0,0,0,0.0
Noah Fant (SEA),2021,6,9,11,97,10.8,26,2,1,0,0,0,0,15.7
Mark Andrews (BAL),2021,6,5,6,68,13.6,21,1,1,0,0,0,0,12.8
Ricky Seals-Jones (FA),2021,6,4,6,58,14.5,39,2,1,0,0,0,0,11.8
Mike Gesicki (NE),2021,6,8,9,115,14.4,32,5,0,0,0,0,0,11.5
O.J. Howard (LV),2021,6,6,7,49,8.2,15,0,1,0,0,0,0,10.9
Travis Kelce (KC),2021,6,8,11,99,12.4,20,1,0,0,0,0,0,9.9
Zach Ertz (ARI),2021,6,4,6,29,7.3,16,0,1,0,0,0,0,8.9
Mo Alie-Cox (IND),2021,6,1,3,28,28.0,28,1,1,0,0,0,0,8.8
Jared Cook (FA),2021,6,4,7,25,6.3,11,0,1,0,0,0,0,8.5
Hunter Henry (NE),2021,6,2,2,25,12.5,20,1,1,0,0,0,0,8.5
Dalton Schultz (HOU),2021,6,5,6,79,15.8,23,2,0,0,0,0,0,7.9
C.J. Uzomah (NYJ),2021,6,3,3,15,5.0,8,0,1,0,0,0,0,7.5
T.J. Hockenson (MIN),2021,6,8,11,74,9.3,33,2,0,0,0,0,0,7.4
Eric Ebron (FA),2021,6,2,2,10,5.0,6,0,0,1,1,1,0,7.1
Tyler Conklin (NYJ),2021,6,3,5,71,23.7,40,4,0,0,0,0,0,7.1
Will Dissly (SEA),2021,6,2,2,8,4.0,7,0,1,0,0,0,0,6.8
Chris Herndon IV (FA),2021,6,1,1,2,2.0,2,0,1,0,0,0,0,6.2
Tommy Sweeney (NYG),2021,6,1,1,1,1.0,1,0,1,0,0,0,0,6.1
Blake Jarwin (FA),2021,6,1,2,1,1.0,1,0,1,0,0,0,0,6.1
Darren Waller (NYG),2021,6,5,5,59,11.8,33,2,0,0,0,0,0,5.9
Durham Smythe (MIA),2021,6,5,6,59,11.8,25,1,0,0,0,0,0,5.9
Pat Freiermuth (PIT),2021,6,7,7,58,8.3,12,0,0,0,0,0,0,5.8
Cole Kmet (CHI),2021,6,4,5,49,12.3,21,1,0,1,0,0,0,4.9
Dawson Knox (BUF),2021,6,3,3,25,8.3,11,0,0,0,0,0,0,4.5
Ian Thomas (CAR),2021,6,1,2,41,41.0,41,3,0,0,0,0,0,4.1
Jordan Akins (CLE),2021,6,4,6,41,10.3,13,0,0,0,0,0,0,4.1
Gerald Everett (LAC),2021,6,2,3,40,20.0,41,3,0,0,0,0,0,4.0
Tyler Higbee (LAR),2021,6,5,5,36,7.2,10,0,0,0,0,0,0,3.6
Kyle Rudolph (FA),2021,6,1,2,8,8.0,8,0,0,0,0,0,0,2.8
Dan Arnold (FA),2021,6,2,5,27,13.5,19,0,0,0,0,0,0,2.7
Cameron Brate (FA),2021,6,3,4,26,8.7,12,0,0,0,0,0,0,2.6
Evan Engram (JAC),2021,6,3,5,24,8.0,11,0,0,0,0,0,0,2.4
Eric Saubert (MIA),2021,6,3,5,23,7.7,11,0,0,0,0,0,0,2.3
Luke Farrell (JAC),2021,6,1,1,21,21.0,21,1,0,0,0,0,0,2.1
Tommy Tremble (CAR),2021,6,0,2,0,0.0,0,0,0,1,0,0,0,2.0
Marcedes Lewis (FA),2021,6,2,2,17,8.5,9,0,0,0,0,0,0,1.7
Anthony Firkser (FA),2021,6,1,1,11,11.0,11,0,0,0,0,0,0,1.1
Foster Moreau (FA),2021,6,1,1,11,11.0,11,0,0,0,0,0,0,1.1
Chris Manhertz (DEN),2021,6,1,1,11,11.0,11,0,0,0,0,0,0,1.1
Donald Parham Jr. (LAC),2021,6,2,2,10,5.0,5,0,0,0,0,0,0,1.0
Robert Tonyan (CHI),2021,6,2,3,10,5.0,6,0,0,0,0,0,0,1.0
Jonnu Smith (ATL),2021,6,1,2,9,9.0,9,0,0,0,0,0,0,0.9
Geoff Swaim (FA),2021,6,1,2,8,8.0,8,0,0,0,0,0,0,0.8
Pharaoh Brown (FA),2021,6,2,3,8,4.0,5,0,0,0,0,0,0,0.8
Cethan Carter (FA),2021,6,1,1,8,8.0,8,0,0,0,0,0,0,0.8
John Bates (WAS),2021,6,1,1,7,7.0,7,0,0,0,0,0,0,0.7
David Njoku (CLE),2021,6,1,2,6,6.0,6,0,0,0,0,0,0,0.6
Austin Hooper (LV),2021,6,1,3,4,4.0,4,0,0,0,0,0,0,0.4
Josiah Deguara (GB),2021,6,1,1,4,4.0,4,0,0,0,0,0,0,0.4
Josh Oliver (MIN),2021,6,1,1,2,2.0,2,0,0,0,0,0,0,0.2
Tyler Davis (GB),2021,6,0,0,0,0.0,0,0,0,0,0,0,0,0.0
Reggie Gilliam (BUF),2021,6,0,0,0,0.0,0,0,0,0,0,0,0,0.0
Jesper Horsted (LV),2021,6,0,0,0,0.0,0,0,0,0,0,0,0,0.0
Drew Sample (FA),2021,6,0,1,0,0.0,0,0,0,0,0,0,0,0.0
Chris Myarick (NYG),2021,6,0,0,0,0.0,0,0,0,0,0,0,0,0.0
Jody Fortson (KC),2021,6,1,1,27,27.0,27,1,0,0,0,0,0,0.0
Hunter Long (LAR),2021,6,0,1,0,0.0,0,0,0,0,0,0,0,0.0
Demetrius Harris (FA),2021,6,0,0,0,0.0,0,0,0,0,0,0,0,0.0
Jack Doyle (FA),2021,6,0,1,0,0.0,0,0,0,0,0,0,0,0.0
Jacob Hollister (FA),2021,6,0,1,0,0.0,0,0,0,0,0,0,0,0.0
Jeremy Sprinkle (FA),2021,6,0,0,0,0.0,0,0,0,0,0,0,0,0.0
Darrell Daniels (FA),2021,6,0,1,0,0.0,0,0,0,0,0,0,0,0.0
MyCole Pruitt (FA),2021,6,0,1,0,0.0,0,0,0,0,0,0,0,0.0
Stephen Anderson (FA),2021,6,1,2,-1,-1.0,0,0,0,0,0,0,0,-0.1
C.J. Uzomah (NYJ),2021,7,3,3,91,30.3,55,6,2,0,0,0,0,21.1
Kyle Pitts (ATL),2021,7,7,8,163,23.3,39,6,0,0,0,0,0,16.3
Mike Gesicki (NE),2021,7,7,8,85,12.1,27,1,1,0,0,0,0,14.5
Zach Ertz (ARI),2021,7,3,5,66,22.0,47,3,1,1,4,0,0,13.0
Robert Tonyan (CHI),2021,7,4,5,63,15.8,25,2,1,0,0,0,0,12.3
Foster Moreau (FA),2021,7,6,6,60,10.0,21,1,1,0,0,0,0,12.0
Dallas Goedert (PHI),2021,7,3,5,70,23.3,25,3,0,0,0,0,0,9.0
MyCole Pruitt (FA),2021,7,2,3,27,13.5,22,1,1,0,0,0,0,8.7
Mo Alie-Cox (IND),2021,7,3,3,25,8.3,11,0,1,0,0,0,0,8.5
Hunter Henry (NE),2021,7,2,4,23,11.5,22,1,1,0,0,0,0,8.3
Travis Kelce (KC),2021,7,7,12,65,9.3,24,1,0,0,0,0,0,6.5
Jonnu Smith (ATL),2021,7,2,5,52,26.0,28,2,0,1,5,0,0,5.7
Ricky Seals-Jones (FA),2021,7,6,7,51,8.5,14,0,0,0,0,0,0,5.1
Mark Andrews (BAL),2021,7,3,7,48,16.0,24,2,0,0,0,0,0,4.8
T.J. Hockenson (MIN),2021,7,6,9,48,8.0,21,1,0,0,0,0,0,4.8
Tyler Higbee (LAR),2021,7,5,8,46,9.2,16,0,0,0,0,0,0,4.6
Evan Engram (JAC),2021,7,6,8,44,7.3,18,0,0,0,0,0,0,4.4
Cole Kmet (CHI),2021,7,5,6,43,8.6,22,1,0,0,0,0,0,4.3
Austin Hooper (LV),2021,7,2,3,42,21.0,34,2,0,0,0,0,0,4.2
Noah Fant (SEA),2021,7,5,7,39,7.8,9,0,0,0,0,0,0,3.9
Durham Smythe (MIA),2021,7,3,4,37,12.3,18,0,0,0,0,0,0,3.7
Hayden Hurst (CAR),2021,7,3,4,35,11.7,15,0,0,0,0,0,0,3.5
Marcedes Lewis (FA),2021,7,3,3,31,10.3,17,0,0,0,0,0,0,3.1
Charlie Woerner (SF),2021,7,2,2,30,15.0,27,1,0,0,0,0,0,3.0
Josh Oliver (MIN),2021,7,2,5,29,14.5,19,0,0,0,0,0,0,2.9
Adam Shaheen (FA),2021,7,4,5,23,5.8,7,0,0,0,0,0,0,2.3
Gerald Everett (LAC),2021,7,3,3,11,3.7,10,0,0,1,12,0,0,2.3
Jesse James (FA),2021,7,3,3,20,6.7,8,0,0,0,0,0,0,2.0
David Njoku (CLE),2021,7,2,2,18,9.0,12,0,0,0,0,0,0,1.8
Adam Trautman (NO),2021,7,3,3,36,12.0,15,0,0,0,0,0,1,1.6
Ryan Griffin (FA),2021,7,1,2,15,15.0,15,0,0,0,0,0,0,1.5
Harrison Bryant (CLE),2021,7,1,2,15,15.0,15,0,0,0,0,0,0,1.5
Jordan Akins (CLE),2021,7,2,2,13,6.5,8,0,0,0,0,0,0,1.3
Tommy Tremble (CAR),2021,7,2,2,12,6.0,9,0,0,0,0,0,0,1.2
Pharaoh Brown (FA),2021,7,3,3,11,3.7,5,0,0,0,0,0,0,1.1
Anthony Firkser (FA),2021,7,1,1,9,9.0,9,0,0,0,0,0,0,0.9
O.J. Howard (LV),2021,7,1,3,9,9.0,9,0,0,0,0,0,0,0.9
Juwan Johnson (NO),2021,7,1,1,8,8.0,8,0,0,0,0,0,0,0.8
Geoff Swaim (FA),2021,7,1,1,8,8.0,8,0,0,0,0,0,0,0.8
Kyle Rudolph (FA),2021,7,2,2,8,4.0,7,0,0,0,0,0,0,0.8
Lee Smith (FA),2021,7,1,2,7,7.0,7,0,0,0,0,0,0,0.7
Darren Fells (FA),2021,7,1,1,6,6.0,6,0,0,0,0,0,0,0.6
Ross Dwelley (SF),2021,7,1,2,5,5.0,5,0,0,0,0,0,0,0.5
Noah Gray (KC),2021,7,1,1,4,4.0,4,0,0,0,0,0,0,0.4
Eric Saubert (MIA),2021,7,1,1,3,3.0,3,0,0,0,0,0,0,0.3
Tyler Davis (GB),2021,7,0,0,0,0.0,0,0,0,0,0,0,0,0.0
Jesper Horsted (LV),2021,7,0,1,0,0.0,0,0,0,0,0,0,0,0.0
Trevon Wesco (FA),2021,7,0,1,0,0.0,0,0,0,0,0,0,0,0.0
Deon Yelder (FA),2021,7,1,1,0,0.0,0,0,0,0,0,0,0,0.0
J.J. Arcega-Whiteside (FA),2021,7,0,0,0,0.0,0,0,0,0,0,0,0,0.0
Antonio Gandy-Golden (FA),2021,7,0,0,0,0.0,0,0,0,0,0,0,0,0.0
Josiah Deguara (GB),2021,7,0,0,0,0.0,0,0,0,0,0,0,0,0.0
Brock Wright (DET),2021,7,0,0,0,0.0,0,0,0,0,0,0,0,0.0
Jacob Harris (LAR),2021,7,0,0,0,0.0,0,0,0,0,0,0,0,0.0
Kylen Granson (IND),2021,7,0,1,0,0.0,0,0,0,0,0,0,0,0.0
Demetrius Harris (FA),2021,7,0,0,0,0.0,0,0,0,0,0,0,0,0.0
Jack Doyle (FA),2021,7,0,1,0,0.0,0,0,0,0,0,0,0,0.0
Ian Thomas (CAR),2021,7,0,2,0,0.0,0,0,0,0,0,0,0,0.0
Colin Thompson (FA),2021,7,0,1,0,0.0,0,0,0,0,0,0,0,0.0
Cethan Carter (FA),2021,7,0,0,0,0.0,0,0,0,0,0,0,0,0.0
Cameron Brate (FA),2021,7,0,4,0,0.0,0,0,0,0,0,0,0,0.0
Pat Freiermuth (PIT),2021,8,4,7,44,11.0,22,1,1,0,0,0,0,10.4
Brevin Jordan (HOU),2021,8,3,4,41,13.7,23,1,1,0,0,0,0,10.1
Jesse James (FA),2021,8,3,3,38,12.7,19,0,1,0,0,0,0,9.8
T.J. Hockenson (MIN),2021,8,10,11,89,8.9,18,0,0,0,0,0,0,8.9
Geoff Swaim (FA),2021,8,4,5,23,5.8,7,0,1,0,0,0,0,8.3
Tyler Kroft (FA),2021,8,2,2,20,10.0,13,0,1,0,0,0,0,8.0
Evan Engram (JAC),2021,8,3,4,15,5.0,7,0,1,0,0,0,0,7.5
Kyle Rudolph (FA),2021,8,2,3,12,6.0,11,0,1,0,0,0,0,7.2
Dallas Goedert (PHI),2021,8,6,7,72,12.0,19,0,0,0,0,0,0,7.2
Jack Doyle (FA),2021,8,2,2,12,6.0,7,0,1,0,0,0,0,7.2
Mike Gesicki (NE),2021,8,3,4,48,16.0,40,3,0,0,0,0,0,6.8
Dan Arnold (FA),2021,8,8,10,68,8.5,11,0,0,0,0,0,0,6.8
Tyler Conklin (NYJ),2021,8,5,7,57,11.4,31,2,0,0,0,0,0,5.7
Jordan Akins (CLE),2021,8,5,5,53,10.6,31,2,0,0,0,0,0,5.3
Robert Tonyan (CHI),2021,8,3,4,49,16.3,33,2,0,0,0,0,0,4.9
Zach Ertz (ARI),2021,8,4,4,42,10.5,20,1,0,0,0,0,0,4.2
Zach Gentry (PIT),2021,8,3,5,39,13.0,24,1,0,0,0,0,0,3.9
David Njoku (CLE),2021,8,3,3,39,13.0,24,1,0,0,0,0,0,3.9
Albert Okwuegbunam (DEN),2021,8,3,3,34,11.3,19,0,0,0,0,0,0,3.4
C.J. Uzomah (NYJ),2021,8,4,4,33,8.3,11,0,0,0,0,0,0,3.3
Hunter Henry (NE),2021,8,1,3,33,33.0,33,2,0,0,0,0,0,3.3
Harrison Bryant (CLE),2021,8,2,2,33,16.5,21,1,0,0,0,0,0,3.3
Garrett Griffin (FA),2021,8,3,3,30,10.0,14,0,0,0,0,0,0,3.0
Tommy Sweeney (NYG),2021,8,3,4,30,10.0,13,0,0,0,0,0,0,3.0
Austin Hooper (LV),2021,8,4,6,26,6.5,8,0,0,0,0,0,0,2.6
Tyler Higbee (LAR),2021,8,3,3,25,8.3,11,0,0,0,0,0,0,2.5
Jared Cook (FA),2021,8,2,5,25,12.5,13,0,0,0,0,0,0,2.5
Cole Kmet (CHI),2021,8,3,6,24,8.0,16,0,0,0,0,0,0,2.4
MyCole Pruitt (FA),2021,8,2,2,22,11.0,14,0,0,0,0,0,0,2.2
Josiah Deguara (GB),2021,8,2,2,20,10.0,12,0,0,0,0,0,0,2.0
Tommy Tremble (CAR),2021,8,3,4,18,6.0,13,0,0,0,0,0,0,1.8
O.J. Howard (LV),2021,8,2,3,16,8.0,12,0,0,0,0,0,0,1.6
Cameron Brate (FA),2021,8,2,4,15,7.5,9,0,0,0,0,0,0,1.5
Jonnu Smith (ATL),2021,8,2,2,13,6.5,11,0,0,0,0,0,0,1.3
Kyle Pitts (ATL),2021,8,2,6,13,6.5,11,0,0,0,0,0,0,1.3
Ricky Seals-Jones (FA),2021,8,2,4,12,6.0,14,0,0,0,0,0,0,1.2
Dalton Schultz (HOU),2021,8,2,7,11,5.5,7,0,0,0,0,0,0,1.1
Ian Thomas (CAR),2021,8,1,1,10,10.0,10,0,0,0,0,0,0,1.0
Jack Stoll (PHI),2021,8,1,1,9,9.0,9,0,0,0,0,0,0,0.9
Adam Shaheen (FA),2021,8,1,1,8,8.0,8,0,0,0,0,0,0,0.8
Anthony Firkser (FA),2021,8,1,2,8,8.0,8,0,0,0,0,0,0,0.8
Noah Fant (SEA),2021,8,2,4,8,4.0,7,0,0,0,0,0,0,0.8
Travis Kelce (KC),2021,8,4,6,27,6.8,14,0,0,0,0,0,1,0.7
Ryan Griffin (FA),2021,8,1,1,7,7.0,7,0,0,0,0,0,0,0.7
Luke Stocker (FA),2021,8,1,1,7,7.0,7,0,0,0,0,0,0,0.7
Chris Herndon IV (FA),2021,8,1,1,7,7.0,7,0,0,0,0,0,0,0.7
Charlie Woerner (SF),2021,8,1,2,7,7.0,7,0,0,0,0,0,0,0.7
Hayden Hurst (CAR),2021,8,2,3,4,2.0,7,0,0,0,0,0,0,0.4
Adam Trautman (NO),2021,8,2,6,4,2.0,5,0,0,0,0,0,0,0.4
John Bates (WAS),2021,8,1,1,4,4.0,4,0,0,0,0,0,0,0.4
Luke Farrell (JAC),2021,8,1,2,3,3.0,3,0,0,0,0,0,0,0.3
Gerald Everett (LAC),2021,8,1,2,7,7.0,7,0,0,1,-5,0,0,0.2
Giovanni Ricci (CAR),2021,8,0,0,0,0.0,0,0,0,0,0,0,0,0.0
Will Dissly (SEA),2021,8,0,0,0,0.0,0,0,0,0,0,0,0,0.0
Deon Yelder (FA),2021,8,0,0,0,0.0,0,0,0,0,0,0,0,0.0
Juwan Johnson (NO),2021,8,0,1,0,0.0,0,0,0,0,0,0,0,0.0
Donald Parham Jr. (LAC),2021,8,0,0,0,0.0,0,0,0,0,0,0,0,0.0
Kylen Granson (IND),2021,8,1,1,0,0.0,0,0,0,0,0,0,0,0.0
Lee Smith (FA),2021,8,0,0,0,0.0,0,0,0,0,0,0,0,0.0
Demetrius Harris (FA),2021,8,0,0,0,0.0,0,0,0,0,0,0,0,0.0
Rob Gronkowski (FA),2021,8,0,1,0,0.0,0,0,0,0,0,0,0,0.0
Marcedes Lewis (FA),2021,8,0,1,0,0.0,0,0,0,0,0,0,0,0.0
J.P. Holtz (FA),2021,8,0,0,0,0.0,0,0,0,0,0,0,0,0.0
Patrick Scales (CHI),2021,8,0,0,0,0.0,0,0,0,0,0,0,0,0.0
Andrew DePaola (MIN),2021,8,0,0,0,0.0,0,0,0,0,0,0,0,0.0
Stephen Anderson (FA),2021,8,0,0,0,0.0,14,0,0,0,0,0,0,0.0
Cethan Carter (FA),2021,8,0,0,0,0.0,0,0,0,0,0,0,0,0.0
Mo Alie-Cox (IND),2021,8,0,4,0,0.0,0,0,0,0,0,0,0,0.0
Darrell Daniels (FA),2021,8,0,0,0,0.0,0,0,0,0,0,0,0,0.0
Blake Jarwin (FA),2021,8,0,1,0,0.0,0,0,0,0,0,0,0,0.0
Blake Bell (KC),2021,8,0,2,0,0.0,0,0,0,0,0,0,0,0.0
Pat Freiermuth (PIT),2021,9,5,6,43,8.6,13,0,2,0,0,0,0,16.3
George Kittle (SF),2021,9,6,8,101,16.8,29,1,1,0,0,0,1,14.1
Travis Kelce (KC),2021,9,5,8,68,13.6,25,2,1,0,0,0,0,12.8
Stephen Anderson (FA),2021,9,4,4,39,9.8,23,1,1,0,0,0,0,9.9
Donald Parham Jr. (LAC),2021,9,3,3,39,13.0,19,0,1,0,0,0,0,9.9
Evan Engram (JAC),2021,9,3,3,38,12.7,30,2,1,0,0,0,0,9.8
Darren Waller (NYG),2021,9,7,11,92,13.1,24,2,0,0,0,0,0,9.2
Geoff Swaim (FA),2021,9,4,4,29,7.3,11,0,1,0,0,0,0,8.9
Ryan Griffin (FA),2021,9,4,7,28,7.0,13,0,1,0,0,0,0,8.8
Cole Kmet (CHI),2021,9,6,8,87,14.5,25,2,0,0,0,0,0,8.7
Hunter Henry (NE),2021,9,2,3,19,9.5,12,0,1,0,0,0,0,7.9
David Njoku (CLE),2021,9,1,3,18,18.0,18,0,1,0,0,0,0,7.8
Jared Cook (FA),2021,9,4,4,48,12.0,23,1,0,0,0,0,0,6.8
Kyle Pitts (ATL),2021,9,3,7,62,20.7,39,2,0,0,0,0,0,6.2
Jack Doyle (FA),2021,9,1,2,1,1.0,1,0,1,0,0,0,0,6.1
Dan Arnold (FA),2021,9,4,7,60,15.0,28,1,0,0,0,0,0,6.0
Mike Gesicki (NE),2021,9,4,8,54,13.5,18,0,0,0,0,0,0,5.4
Dalton Schultz (HOU),2021,9,4,5,54,13.5,20,1,0,0,0,0,0,5.4
Tyler Higbee (LAR),2021,9,5,10,51,10.2,26,1,0,0,0,0,0,5.1
Adam Trautman (NO),2021,9,4,7,47,11.8,25,1,0,0,0,0,0,4.7
Tyler Conklin (NYJ),2021,9,5,7,45,9.0,18,0,0,0,0,0,0,4.5
Mark Andrews (BAL),2021,9,5,10,44,8.8,13,0,0,0,0,0,0,4.4
Dallas Goedert (PHI),2021,9,3,6,43,14.3,21,1,0,0,0,0,0,4.3
Tyler Kroft (FA),2021,9,2,3,38,19.0,26,1,0,0,0,0,0,3.8
Drew Sample (FA),2021,9,3,3,36,12.0,19,0,0,0,0,0,0,3.6
Jimmy Graham (FA),2021,9,1,3,28,28.0,28,1,0,0,0,0,0,2.8
Mo Alie-Cox (IND),2021,9,1,1,28,28.0,28,1,0,0,0,0,0,2.8
Zach Ertz (ARI),2021,9,3,5,27,9.0,17,0,0,0,0,0,0,2.7
Kylen Granson (IND),2021,9,1,1,27,27.0,27,1,0,0,0,0,0,2.7
Durham Smythe (MIA),2021,9,2,2,27,13.5,21,1,0,0,0,0,0,2.7
Harrison Bryant (CLE),2021,9,2,2,26,13.0,21,1,0,0,0,0,0,2.6
Albert Okwuegbunam (DEN),2021,9,4,5,25,6.3,17,0,0,0,0,0,0,2.5
C.J. Uzomah (NYJ),2021,9,4,5,24,6.0,12,0,0,0,0,0,0,2.4
Antony Auclair (FA),2021,9,2,2,23,11.5,15,0,0,0,0,0,0,2.3
Kyle Rudolph (FA),2021,9,4,5,20,5.0,9,0,0,0,0,0,0,2.0
Josiah Deguara (GB),2021,9,2,2,16,8.0,11,0,0,0,0,0,0,1.6
Trevon Wesco (FA),2021,9,2,2,16,8.0,10,0,0,0,0,0,0,1.6
Hayden Hurst (CAR),2021,9,2,3,16,8.0,16,0,0,0,0,0,0,1.6
Austin Hooper (LV),2021,9,2,2,14,7.0,11,0,0,0,0,0,0,1.4
Adam Shaheen (FA),2021,9,1,2,11,11.0,11,0,0,0,0,0,0,1.1
Tommy Sweeney (NYG),2021,9,2,2,10,5.0,7,0,0,0,0,0,0,1.0
Ian Thomas (CAR),2021,9,1,2,9,9.0,9,0,0,0,0,0,0,0.9
Chris Manhertz (DEN),2021,9,1,1,9,9.0,9,0,0,0,0,0,0,0.9
Brevin Jordan (HOU),2021,9,2,2,9,4.5,5,0,0,0,0,0,0,0.9
Jonnu Smith (ATL),2021,9,1,2,4,4.0,4,0,0,1,4,0,0,0.8
Anthony Firkser (FA),2021,9,1,1,7,7.0,7,0,0,0,0,0,0,0.7
Eric Tomlinson (FA),2021,9,1,1,7,7.0,7,0,0,0,0,0,0,0.7
Tommy Tremble (CAR),2021,9,1,2,6,6.0,6,0,0,0,0,0,0,0.6
Eric Saubert (MIA),2021,9,1,1,6,6.0,6,0,0,0,0,0,0,0.6
Luke Stocker (FA),2021,9,1,1,5,5.0,5,0,0,0,0,0,0,0.5
Kevin Rader (TEN),2021,9,1,1,1,1.0,1,0,0,0,0,0,0,0.1
Feleipe Franks (ATL),2021,9,0,0,0,0.0,0,0,0,2,3,0,0,0.0
Sean McKeon (DAL),2021,9,0,2,0,0.0,0,0,0,0,0,0,0,0.0
Foster Moreau (FA),2021,9,0,0,0,0.0,0,0,0,0,0,0,0,0.0
Luke Farrell (JAC),2021,9,0,1,0,0.0,0,0,0,0,0,0,0,0.0
Dominique Dafney (TB),2021,9,0,1,0,0.0,0,0,0,0,0,0,0,0.0
Andrew DePaola (MIN),2021,9,0,0,0,0.0,0,0,0,0,0,0,0,0.0
Taysom Hill (NO),2021,9,0,0,0,0.0,0,0,0,1,4,0,0,0.0
Colin Thompson (FA),2021,9,0,0,0,0.0,0,0,0,0,0,0,0,0.0
Cethan Carter (FA),2021,9,0,0,0,0.0,0,0,0,0,0,0,0,0.0
Darrell Daniels (FA),2021,9,1,2,0,0.0,0,0,0,0,0,0,0,0.0
MyCole Pruitt (FA),2021,9,0,0,0,0.0,0,0,0,0,0,0,0,0.0
Blake Bell (KC),2021,9,0,1,0,0.0,0,0,0,0,0,0,0,0.0
Marcedes Lewis (FA),2021,9,1,1,-1,-1.0,0,0,0,0,0,0,0,-0.1
Jordan Akins (CLE),2021,9,2,3,7,3.5,4,0,0,0,0,0,1,-1.3
Hunter Henry (NE),2021,10,4,4,37,9.3,19,0,2,0,0,0,0,15.7
Tyler Conklin (NYJ),2021,10,3,5,11,3.7,5,0,2,0,0,0,0,13.1
Mark Andrews (BAL),2021,10,6,8,63,10.5,15,0,1,0,0,0,0,12.3
Travis Kelce (KC),2021,10,8,10,119,14.9,30,2,0,0,0,0,0,11.9
George Kittle (SF),2021,10,5,7,50,10.0,18,0,1,0,0,0,0,11.0
Dan Arnold (FA),2021,10,5,8,67,13.4,24,1,0,0,0,0,0,8.7
Austin Hooper (LV),2021,10,4,5,25,6.3,11,0,1,0,0,0,0,8.5
Tyler Higbee (LAR),2021,10,3,5,20,6.7,12,0,1,0,0,0,0,8.0
Albert Okwuegbunam (DEN),2021,10,3,3,77,25.7,64,4,0,0,0,0,0,7.7
Cameron Brate (FA),2021,10,1,3,6,6.0,6,0,1,0,0,0,0,6.6
Gerald Everett (LAC),2021,10,8,8,63,7.9,12,0,0,0,0,0,0,6.3
MyCole Pruitt (FA),2021,10,1,1,2,2.0,2,0,1,0,0,0,0,6.2
Noah Gray (KC),2021,10,1,3,1,1.0,1,0,1,0,0,0,0,6.1
Kyle Pitts (ATL),2021,10,4,7,60,15.0,18,0,0,0,0,0,0,6.0
Noah Fant (SEA),2021,10,5,6,59,11.8,15,0,0,0,0,0,0,5.9
Zach Ertz (ARI),2021,10,4,6,46,11.5,19,0,0,0,0,0,0,4.6
Juwan Johnson (NO),2021,10,2,3,36,18.0,26,1,0,0,0,0,0,3.6
Adam Shaheen (FA),2021,10,3,4,34,11.3,21,1,0,0,0,0,0,3.4
Adam Trautman (NO),2021,10,5,6,32,6.4,8,0,0,0,0,0,0,3.2
Jack Doyle (FA),2021,10,3,5,31,10.3,12,0,0,0,0,0,0,3.1
Ricky Seals-Jones (FA),2021,10,3,4,30,10.0,13,0,0,0,0,0,0,3.0
Dallas Goedert (PHI),2021,10,2,2,28,14.0,24,1,0,0,0,0,0,2.8
Geoff Swaim (FA),2021,10,4,5,26,6.5,16,0,0,0,0,0,0,2.6
John Bates (WAS),2021,10,3,3,25,8.3,18,0,0,0,0,0,0,2.5
Darren Waller (NYG),2021,10,4,7,24,6.0,11,0,0,0,0,0,0,2.4
Durham Smythe (MIA),2021,10,1,1,23,23.0,23,1,0,0,0,0,0,2.3
Will Dissly (SEA),2021,10,2,2,22,11.0,28,1,0,0,0,0,0,2.2
Ryan Griffin (FA),2021,10,1,2,21,21.0,21,1,0,0,0,0,0,2.1
Harrison Bryant (CLE),2021,10,2,2,18,9.0,13,0,0,0,0,0,0,1.8
Dawson Knox (BUF),2021,10,1,1,17,17.0,17,0,0,0,0,0,0,1.7
Donald Parham Jr. (LAC),2021,10,1,2,17,17.0,17,0,0,0,0,0,0,1.7
Kylen Granson (IND),2021,10,1,1,15,15.0,15,0,0,0,0,0,0,1.5
Sean McKeon (DAL),2021,10,2,2,15,7.5,12,0,0,0,0,0,0,1.5
Dalton Schultz (HOU),2021,10,1,2,14,14.0,14,0,0,0,0,0,0,1.4
Chris Herndon IV (FA),2021,10,1,2,14,14.0,14,0,0,0,0,0,0,1.4
Eric Ebron (FA),2021,10,2,2,13,6.5,9,0,0,0,0,0,0,1.3
David Njoku (CLE),2021,10,1,4,11,11.0,11,0,0,0,0,0,0,1.1
Pat Freiermuth (PIT),2021,10,5,9,31,6.2,10,0,0,0,0,0,1,1.1
Marcedes Lewis (FA),2021,10,2,2,10,5.0,7,0,0,0,0,0,0,1.0
Jared Cook (FA),2021,10,1,3,10,10.0,10,0,0,0,0,0,0,1.0
Josiah Deguara (GB),2021,10,2,3,9,4.5,5,0,0,0,0,0,0,0.9
Jack Stoll (PHI),2021,10,2,3,6,3.0,4,0,0,0,0,0,0,0.6
Mo Alie-Cox (IND),2021,10,1,2,6,6.0,6,0,0,0,0,0,0,0.6
Tyler Davis (GB),2021,10,1,1,4,4.0,4,0,0,0,0,0,0,0.4
Blake Bell (KC),2021,10,0,0,0,0.0,0,0,0,1,3,0,0,0.3
Tommy Tremble (CAR),2021,10,1,1,3,3.0,3,0,0,0,0,0,0,0.3
Anthony Firkser (FA),2021,10,1,2,2,2.0,2,0,0,0,0,0,0,0.2
Brock Wright (DET),2021,10,1,2,2,2.0,2,0,0,0,0,0,0,0.2
Kendall Blanton (KC),2021,10,1,1,2,2.0,2,0,0,0,0,0,0,0.2
Feleipe Franks (ATL),2021,10,0,0,0,0.0,0,0,0,0,0,0,0,0.0
Reggie Gilliam (BUF),2021,10,0,0,0,0.0,0,0,0,0,0,0,0,0.0
Giovanni Ricci (CAR),2021,10,0,0,0,0.0,0,0,0,0,0,0,0,0.0
Ross Dwelley (SF),2021,10,0,0,0,0.0,0,0,0,0,0,0,0,0.0
T.J. Hockenson (MIN),2021,10,0,1,0,0.0,0,0,0,0,0,0,0,0.0
Daniel Helm (FA),2021,10,0,0,0,0.0,0,0,0,0,0,0,0,0.0
Foster Moreau (FA),2021,10,0,0,0,0.0,0,0,0,0,0,0,0,0.0
Josh Oliver (MIN),2021,10,0,1,0,0.0,0,0,0,0,0,0,0,0.0
Trevon Wesco (FA),2021,10,0,0,0,0.0,0,0,0,0,0,0,0,0.0
Briley Moore (FA),2021,10,0,0,0,0.0,0,0,0,0,0,0,0,0.0
Kenny Yeboah (NYJ),2021,10,0,0,0,0.0,0,0,0,0,0,0,0,0.0
Luke Stocker (FA),2021,10,0,0,0,0.0,0,0,0,0,0,0,0,0.0
Andrew DePaola (MIN),2021,10,0,0,0,0.0,0,0,0,0,0,0,0,0.0
Stephen Anderson (FA),2021,10,0,0,0,0.0,0,0,0,0,0,0,0,0.0
Taysom Hill (NO),2021,10,1,2,15,15.0,15,0,0,3,23,0,0,0.0
Mike Gesicki (NE),2021,10,0,7,0,0.0,0,0,0,0,0,0,0,0.0
O.J. Howard (LV),2021,10,0,0,0,0.0,0,0,0,0,0,0,0,0.0
Darrell Daniels (FA),2021,10,0,0,0,0.0,0,0,0,0,0,0,0,0.0
Eric Saubert (MIA),2021,10,0,0,0,0.0,0,0,0,0,0,0,0,0.0
Chris Manhertz (DEN),2021,10,0,0,0,0.0,0,0,0,0,0,0,0,0.0
Zach Ertz (ARI),2021,11,8,9,88,11.0,25,2,2,0,0,0,0,20.8
Travis Kelce (KC),2021,11,5,8,74,14.8,24,2,0,1,4,1,0,13.8
Adam Trautman (NO),2021,11,5,8,58,11.6,19,0,1,0,0,0,0,11.8
Darren Waller (NYG),2021,11,7,8,116,16.6,31,5,0,0,0,0,0,11.6
Josiah Deguara (GB),2021,11,2,2,37,18.5,25,1,1,0,0,0,0,9.7
George Kittle (SF),2021,11,4,4,34,8.5,13,0,1,0,0,0,0,9.4
Eric Ebron (FA),2021,11,3,3,24,8.0,18,0,1,0,0,0,0,8.4
Dawson Knox (BUF),2021,11,6,10,80,13.3,31,2,0,0,0,0,0,8.0
Foster Moreau (FA),2021,11,1,2,19,19.0,19,0,1,0,0,0,0,7.9
Mark Andrews (BAL),2021,11,8,10,73,9.1,16,0,0,0,0,0,0,7.3
Pat Freiermuth (PIT),2021,11,4,7,11,2.8,5,0,1,0,0,0,0,7.1
Rob Gronkowski (FA),2021,11,6,8,71,11.8,35,2,0,0,0,0,0,7.1
Dallas Goedert (PHI),2021,11,5,8,62,12.4,16,0,0,0,0,0,0,6.2
Austin Hooper (LV),2021,11,4,7,53,13.3,20,2,0,0,0,0,0,5.3
Dalton Schultz (HOU),2021,11,6,8,53,8.8,19,0,0,0,0,0,0,5.3
T.J. Hockenson (MIN),2021,11,6,8,51,8.5,24,1,0,0,0,0,0,5.1
Mike Gesicki (NE),2021,11,5,6,50,10.0,26,1,0,0,0,0,0,5.0
Ryan Griffin (FA),2021,11,3,4,39,13.0,29,1,0,0,0,0,0,3.9
Donald Parham Jr. (LAC),2021,11,4,5,38,9.5,12,0,0,0,0,0,0,3.8
Durham Smythe (MIA),2021,11,4,5,37,9.3,18,0,0,0,0,0,0,3.7
Gerald Everett (LAC),2021,11,3,4,37,12.3,16,0,0,0,0,0,0,3.7
Tommy Tremble (CAR),2021,11,2,2,35,17.5,19,0,0,0,0,0,0,3.5
Tyler Conklin (NYJ),2021,11,3,3,35,11.7,15,0,0,0,0,0,0,3.5
Jack Doyle (FA),2021,11,3,5,30,10.0,18,0,0,0,0,0,0,3.0
Kyle Pitts (ATL),2021,11,3,5,29,9.7,16,0,0,0,0,0,0,2.9
Jared Cook (FA),2021,11,3,5,28,9.3,13,0,0,0,0,0,0,2.8
Kyle Rudolph (FA),2021,11,1,1,28,28.0,28,1,0,0,0,0,0,2.8
Cameron Brate (FA),2021,11,2,6,27,13.5,15,0,0,0,0,0,0,2.7
Anthony Firkser (FA),2021,11,5,7,26,5.2,7,0,0,0,0,0,0,2.6
Jimmy Graham (FA),2021,11,2,3,25,12.5,23,1,0,0,0,0,0,2.5
Hunter Henry (NE),2021,11,2,3,25,12.5,15,0,0,0,0,0,0,2.5
John Bates (WAS),2021,11,3,3,23,7.7,10,0,0,0,0,0,0,2.3
David Njoku (CLE),2021,11,2,4,20,10.0,21,1,0,1,1,0,0,2.1
Nick Vannett (NYG),2021,11,1,1,20,20.0,20,1,0,0,0,0,0,2.0
Adam Shaheen (FA),2021,11,1,1,19,19.0,19,0,0,0,0,0,0,1.9
Jonnu Smith (ATL),2021,11,1,2,17,17.0,17,0,0,0,0,0,0,1.7
Will Dissly (SEA),2021,11,1,3,16,16.0,16,0,0,0,0,0,0,1.6
Evan Engram (JAC),2021,11,2,5,12,6.0,9,0,0,0,0,0,0,1.2
Cole Kmet (CHI),2021,11,1,2,12,12.0,12,0,0,0,0,0,0,1.2
Brock Wright (DET),2021,11,1,1,12,12.0,12,0,0,0,0,0,0,1.2
Pharaoh Brown (FA),2021,11,2,4,10,5.0,8,0,0,0,0,0,0,1.0
O.J. Howard (LV),2021,11,1,1,10,10.0,10,0,0,0,0,0,0,1.0
C.J. Uzomah (NYJ),2021,11,2,3,9,4.5,7,0,0,0,0,0,0,0.9
Blake Bell (KC),2021,11,1,1,8,8.0,8,0,0,0,0,0,0,0.8
Noah Gray (KC),2021,11,1,1,8,8.0,8,0,0,0,0,0,0,0.8
Dominique Dafney (TB),2021,11,1,1,8,8.0,8,0,0,0,0,0,0,0.8
Kylen Granson (IND),2021,11,1,2,8,8.0,8,0,0,0,0,0,0,0.8
Tre' McKitty (LAC),2021,11,1,1,7,7.0,7,0,0,0,0,0,0,0.7
Brevin Jordan (HOU),2021,11,1,3,7,7.0,7,0,0,0,0,0,0,0.7
Ian Thomas (CAR),2021,11,1,1,7,7.0,7,0,0,0,0,0,0,0.7
Colby Parkinson (SEA),2021,11,1,1,6,6.0,6,0,0,0,0,0,0,0.6
Parker Hesse (ATL),2021,11,1,1,5,5.0,5,0,0,0,0,0,0,0.5
Drew Sample (FA),2021,11,1,2,3,3.0,3,0,0,0,0,0,0,0.3
Sean McKeon (DAL),2021,11,1,1,2,2.0,2,0,0,0,0,0,0,0.2
Feleipe Franks (ATL),2021,11,0,0,0,0.0,0,0,0,0,0,0,0,0.0
Reggie Gilliam (BUF),2021,11,1,1,7,7.0,7,0,0,0,0,0,0,0.0
Tommy Hudson (FA),2021,11,0,1,0,0.0,0,0,0,0,0,0,0,0.0
J.J. Arcega-Whiteside (FA),2021,11,1,1,23,23.0,23,1,0,0,0,0,0,0.0
Tommy Sweeney (NYG),2021,11,0,1,0,0.0,0,0,0,0,0,0,0,0.0
Tyree Jackson (PHI),2021,11,0,1,0,0.0,0,0,0,0,0,0,0,0.0
Harrison Bryant (CLE),2021,11,0,0,0,0.0,0,0,0,0,0,0,0,0.0
Chris Myarick (NYG),2021,11,0,1,0,0.0,0,0,0,0,0,0,0,0.0
Jack Stoll (PHI),2021,11,0,0,0,0.0,0,0,0,0,0,0,0,0.0
Lee Smith (FA),2021,11,0,0,0,0.0,0,0,0,0,0,0,0,0.0
Clark Harris (FA),2021,11,0,0,0,0.0,0,0,0,0,0,0,0,0.0
Garrett Griffin (FA),2021,11,0,0,0,0.0,0,0,0,0,0,0,0,0.0
Dan Arnold (FA),2021,11,0,0,0,0.0,0,0,0,0,0,0,0,0.0
Jeremy Sprinkle (FA),2021,11,0,0,0,0.0,0,0,0,0,0,0,0,0.0
Cethan Carter (FA),2021,11,0,0,0,0.0,0,0,0,0,0,0,0,0.0
Mo Alie-Cox (IND),2021,11,0,1,0,0.0,0,0,0,0,0,0,0,0.0
Darrell Daniels (FA),2021,11,0,1,0,0.0,0,0,0,0,0,0,0,0.0
Eric Tomlinson (FA),2021,11,0,0,0,0.0,0,0,0,0,0,0,0,0.0
Nick Boyle (FA),2021,11,0,1,0,0.0,0,0,0,0,0,0,0,0.0
Dawson Knox (BUF),2021,12,3,3,32,10.7,24,1,2,0,0,0,0,15.2
Jack Doyle (FA),2021,12,6,7,81,13.5,22,1,1,0,0,0,0,14.1
Dalton Schultz (HOU),2021,12,3,7,46,15.3,32,2,1,0,0,0,0,12.6
Mark Andrews (BAL),2021,12,4,10,65,16.3,39,2,1,0,0,0,0,12.5
Rob Gronkowski (FA),2021,12,7,9,123,17.6,32,4,0,0,0,0,0,12.3
Pat Freiermuth (PIT),2021,12,4,4,40,10.0,15,0,1,0,0,0,0,10.0
Gerald Everett (LAC),2021,12,5,9,37,7.4,12,0,1,0,0,0,0,9.7
David Njoku (CLE),2021,12,3,5,35,11.7,20,1,1,0,0,0,0,9.5
T.J. Hockenson (MIN),2021,12,3,3,35,11.7,17,0,1,0,0,0,0,9.5
Jimmy Graham (FA),2021,12,2,3,34,17.0,17,0,1,0,0,0,0,9.4
Jared Cook (FA),2021,12,2,5,25,12.5,16,0,1,0,0,0,0,8.5
Brevin Jordan (HOU),2021,12,3,3,23,7.7,13,0,1,0,0,0,0,8.3
Nick Vannett (NYG),2021,12,1,1,11,11.0,11,0,1,0,0,0,0,7.1
Chris Myarick (NYG),2021,12,2,2,11,5.5,10,0,1,0,0,0,0,7.1
Sean McKeon (DAL),2021,12,1,1,10,10.0,10,0,1,0,0,0,0,7.0
Cole Kmet (CHI),2021,12,8,11,65,8.1,16,0,0,0,0,0,0,6.5
Eric Saubert (MIA),2021,12,1,1,1,1.0,1,0,1,0,0,0,0,6.1
Jonnu Smith (ATL),2021,12,3,4,49,16.3,20,1,0,1,9,0,0,5.8
Harrison Bryant (CLE),2021,12,3,3,50,16.7,41,3,0,0,0,0,0,5.0
James O'Shaughnessy (FA),2021,12,3,5,29,9.7,21,1,0,0,0,0,0,4.9
Evan Engram (JAC),2021,12,3,6,37,12.3,20,1,0,0,0,0,0,3.7
Durham Smythe (MIA),2021,12,5,5,32,6.4,11,0,0,2,3,0,0,3.5
Darren Waller (NYG),2021,12,2,5,33,16.5,21,1,0,0,0,0,0,3.3
Logan Thomas (WAS),2021,12,3,6,31,10.3,14,0,0,0,0,0,0,3.1
Kyle Pitts (ATL),2021,12,2,6,26,13.0,19,0,0,0,0,0,0,2.6
Tyler Conklin (NYJ),2021,12,2,3,25,12.5,17,0,0,0,0,0,0,2.5
Cameron Brate (FA),2021,12,3,4,23,7.7,10,0,0,0,0,0,0,2.3
Kylen Granson (IND),2021,12,2,2,22,11.0,15,0,0,0,0,0,0,2.2
Ryan Griffin (FA),2021,12,3,4,20,6.7,10,0,0,0,0,0,0,2.0
Will Dissly (SEA),2021,12,2,2,19,9.5,13,0,0,0,0,0,0,1.9
Stephen Anderson (FA),2021,12,2,2,18,9.0,13,0,0,0,0,0,0,1.8
Mike Gesicki (NE),2021,12,3,3,17,5.7,7,0,0,0,0,0,0,1.7
Hunter Henry (NE),2021,12,2,5,16,8.0,9,0,0,0,0,0,0,1.6
John Bates (WAS),2021,12,1,1,15,15.0,15,0,0,0,0,0,0,1.5
Josiah Deguara (GB),2021,12,2,4,13,6.5,12,0,0,0,0,0,0,1.3
George Kittle (SF),2021,12,1,2,13,13.0,13,0,0,0,0,0,0,1.3
Albert Okwuegbunam (DEN),2021,12,1,2,12,12.0,12,0,0,0,0,0,0,1.2
Noah Fant (SEA),2021,12,3,4,12,4.0,7,0,0,0,0,0,0,1.2
Charlie Woerner (SF),2021,12,1,1,11,11.0,11,0,0,0,0,0,0,1.1
Chris Manhertz (DEN),2021,12,1,2,11,11.0,11,0,0,0,0,0,0,1.1
Zach Gentry (PIT),2021,12,1,2,10,10.0,10,0,0,0,0,0,0,1.0
MyCole Pruitt (FA),2021,12,1,2,10,10.0,10,0,0,0,0,0,0,1.0
C.J. Uzomah (NYJ),2021,12,3,3,9,3.0,7,0,0,0,0,0,0,0.9
Dan Arnold (FA),2021,12,1,1,9,9.0,9,0,0,0,0,0,0,0.9
Geoff Swaim (FA),2021,12,1,1,8,8.0,8,0,0,0,0,0,0,0.8
Mo Alie-Cox (IND),2021,12,1,2,8,8.0,8,0,0,0,0,0,0,0.8
Parker Hesse (ATL),2021,12,1,1,7,7.0,7,0,0,0,0,0,0,0.7
Anthony Firkser (FA),2021,12,1,1,7,7.0,7,0,0,0,0,0,0,0.7
Donald Parham Jr. (LAC),2021,12,1,1,5,5.0,5,0,0,0,0,0,0,0.5
Tommy Tremble (CAR),2021,12,1,3,4,4.0,4,0,0,0,0,0,0,0.4
Marcedes Lewis (FA),2021,12,2,3,4,2.0,2,0,0,0,0,0,0,0.4
Tyler Higbee (LAR),2021,12,1,5,3,3.0,3,0,0,0,0,0,0,0.3
Foster Moreau (FA),2021,12,1,5,3,3.0,3,0,0,0,0,0,0,0.3
Feleipe Franks (ATL),2021,12,0,0,0,0.0,0,0,0,0,0,0,0,0.0
Giovanni Ricci (CAR),2021,12,0,0,0,0.0,0,0,0,0,0,0,0,0.0
J.J. Arcega-Whiteside (FA),2021,12,1,1,13,13.0,13,0,0,0,0,0,0,0.0
Daniel Helm (FA),2021,12,0,1,0,0.0,0,0,0,0,0,0,0,0.0
Trevon Wesco (FA),2021,12,0,0,0,0.0,0,0,0,0,0,0,0,0.0
Dominique Dafney (TB),2021,12,0,0,0,0.0,0,0,0,0,0,0,0,0.0
Tre' McKitty (LAC),2021,12,0,1,0,0.0,0,0,0,0,0,0,0,0.0
Lee Smith (FA),2021,12,0,0,0,0.0,0,0,0,0,0,0,0,0.0
Ian Thomas (CAR),2021,12,0,3,0,0.0,0,0,0,0,0,0,0,0.0
J.P. Holtz (FA),2021,12,0,0,0,0.0,0,0,0,0,0,0,0,0.0
Patrick Scales (CHI),2021,12,0,0,0,0.0,0,0,0,0,0,0,0,0.0
Austin Hooper (LV),2021,12,0,3,0,0.0,0,0,0,0,0,0,0,0.0
Pharaoh Brown (FA),2021,12,0,1,0,0.0,0,0,0,0,0,0,0,0.0
Dallas Goedert (PHI),2021,12,1,3,0,0.0,0,0,0,0,0,0,0,0.0
Eric Tomlinson (FA),2021,12,0,0,0,0.0,0,0,0,0,0,0,0,0.0
Jesse James (FA),2021,12,0,1,0,0.0,0,0,0,0,0,0,0,0.0
George Kittle (SF),2021,13,9,12,181,20.1,48,6,2,1,5,0,0,30.6
Dallas Goedert (PHI),2021,13,6,6,105,17.5,36,3,2,0,0,0,0,22.5
Rob Gronkowski (FA),2021,13,4,8,58,14.5,27,1,2,0,0,0,0,17.8
T.J. Hockenson (MIN),2021,13,4,8,49,12.3,25,1,1,0,0,0,0,10.9
Logan Thomas (WAS),2021,13,3,5,48,16.0,35,2,1,0,0,0,0,10.8
Brock Wright (DET),2021,13,2,3,28,14.0,23,1,1,0,0,0,0,8.8
Jimmy Graham (FA),2021,13,1,1,1,1.0,1,0,1,0,0,0,0,8.1
Ryan Griffin (FA),2021,13,2,2,15,7.5,14,0,1,0,0,0,0,7.5
Cameron Brate (FA),2021,13,1,1,3,3.0,3,0,1,0,0,0,0,6.3
Evan Engram (JAC),2021,13,4,5,61,15.3,18,0,0,0,0,0,0,6.1
Tyler Conklin (NYJ),2021,13,7,9,56,8.0,19,0,0,0,0,0,0,5.6
Mark Andrews (BAL),2021,13,4,9,50,12.5,29,1,0,0,0,0,0,5.0
Nick Vannett (NYG),2021,13,3,4,48,16.0,30,2,0,0,0,0,0,4.8
Tyler Higbee (LAR),2021,13,5,6,48,9.6,22,1,0,0,0,0,0,4.8
Kyle Pitts (ATL),2021,13,4,7,48,12.0,29,1,0,0,0,0,0,4.8
Mike Gesicki (NE),2021,13,7,11,46,6.6,17,0,0,0,0,0,0,4.6
Pat Freiermuth (PIT),2021,13,3,4,26,8.7,17,0,0,0,0,0,0,4.6
Dalton Schultz (HOU),2021,13,5,5,43,8.6,12,0,0,0,0,0,0,4.3
John Bates (WAS),2021,13,3,4,42,14.0,23,1,0,0,0,0,0,4.2
Cole Kmet (CHI),2021,13,3,7,41,13.7,24,1,0,0,0,0,0,4.1
Foster Moreau (FA),2021,13,1,3,34,34.0,34,2,0,0,0,0,0,3.4
Noah Fant (SEA),2021,13,4,4,33,8.3,12,0,0,0,0,0,0,3.3
Jared Cook (FA),2021,13,3,4,29,9.7,23,1,0,0,0,0,0,2.9
Juwan Johnson (NO),2021,13,1,1,27,27.0,27,1,0,0,0,0,0,2.7
Travis Kelce (KC),2021,13,3,8,27,9.0,14,0,0,0,0,0,0,2.7
Albert Okwuegbunam (DEN),2021,13,3,4,21,7.0,10,0,0,0,0,0,0,2.1
C.J. Uzomah (NYJ),2021,13,3,6,20,6.7,10,0,0,0,0,0,0,2.0
Kyle Rudolph (FA),2021,13,2,4,18,9.0,11,0,0,0,0,0,0,1.8
Dawson Knox (BUF),2021,13,2,6,14,7.0,7,0,0,0,0,0,0,1.4
Jack Doyle (FA),2021,13,1,1,13,13.0,13,0,0,0,0,0,0,1.3
James O'Shaughnessy (FA),2021,13,2,6,13,6.5,7,0,0,0,0,0,0,1.3
Jonnu Smith (ATL),2021,13,1,1,12,12.0,12,0,0,1,-1,0,0,1.1
Zach Ertz (ARI),2021,13,1,2,10,10.0,10,0,0,0,0,0,0,1.0
Zach Gentry (PIT),2021,13,2,2,10,5.0,5,0,0,0,0,0,0,1.0
Garrett Griffin (FA),2021,13,1,1,9,9.0,9,0,0,0,0,0,0,0.9
Hunter Long (LAR),2021,13,1,1,8,8.0,8,0,0,0,0,0,0,0.8
Will Dissly (SEA),2021,13,2,2,7,3.5,5,0,0,0,0,0,0,0.7
Brevin Jordan (HOU),2021,13,2,4,7,3.5,5,0,0,0,0,0,0,0.7
Demetrius Harris (FA),2021,13,2,2,7,3.5,7,0,0,0,0,0,0,0.7
Kendall Blanton (KC),2021,13,1,2,6,6.0,6,0,0,0,0,0,0,0.6
Kylen Granson (IND),2021,13,1,2,6,6.0,6,0,0,0,0,0,0,0.6
Pharaoh Brown (FA),2021,13,4,5,23,5.8,12,0,0,0,0,0,1,0.3
Donald Parham Jr. (LAC),2021,13,2,4,3,1.5,6,0,0,0,0,0,0,0.3
Charlie Woerner (SF),2021,13,0,0,0,0.0,0,0,0,0,0,0,0,0.0
Rashod Berry (IND),2021,13,0,0,0,0.0,0,0,0,0,0,0,0,0.0
Josh Oliver (MIN),2021,13,0,0,0,0.0,0,0,0,0,0,0,0,0.0
Durham Smythe (MIA),2021,13,0,1,0,0.0,0,0,0,0,0,0,0,0.0
Sammis Reyes (FA),2021,13,0,0,0,0.0,0,0,0,0,0,0,0,0.0
Kenny Yeboah (NYJ),2021,13,0,1,0,0.0,0,0,0,0,0,0,0,0.0
Luke Stocker (FA),2021,13,0,0,0,0.0,0,0,0,0,0,0,0,0.0
Lee Smith (FA),2021,13,0,0,0,0.0,0,0,0,0,0,0,0,0.0
Stephen Anderson (FA),2021,13,0,0,0,0.0,0,0,0,0,0,0,0,0.0
Taysom Hill (NO),2021,13,0,0,0,0.0,0,0,0,11,101,0,0,0.0
Mo Alie-Cox (IND),2021,13,1,1,0,0.0,0,0,0,0,0,0,0,0.0
Eric Tomlinson (FA),2021,13,0,0,0,0.0,0,0,0,0,0,0,0,0.0
Gerald Everett (LAC),2021,13,4,6,7,1.8,5,0,0,0,0,0,2,-3.3
George Kittle (SF),2021,14,13,15,151,11.6,21,2,1,0,0,0,0,21.1
Mark Andrews (BAL),2021,14,11,11,115,10.5,32,3,1,0,0,0,0,17.5
Dawson Knox (BUF),2021,14,7,9,60,8.6,24,1,1,0,0,0,0,12.0
Albert Okwuegbunam (DEN),2021,14,5,5,41,8.2,16,0,1,0,0,0,0,10.1
Pat Freiermuth (PIT),2021,14,2,3,32,16.0,17,0,1,0,0,0,0,9.2
Austin Hooper (LV),2021,14,5,6,30,6.0,9,0,1,0,0,0,0,9.0
Gerald Everett (LAC),2021,14,2,2,15,7.5,14,0,1,1,13,0,0,8.8
Brevin Jordan (HOU),2021,14,4,7,26,6.5,11,0,1,0,0,0,0,8.6
Jared Cook (FA),2021,14,2,5,8,4.0,7,0,1,0,0,0,0,6.8
Kyle Rudolph (FA),2021,14,2,2,66,33.0,60,4,0,0,0,0,0,6.6
Hayden Hurst (CAR),2021,14,1,1,3,3.0,3,0,1,0,0,0,0,6.3
Rob Gronkowski (FA),2021,14,5,9,62,12.4,18,0,0,0,0,0,0,6.2
Kyle Pitts (ATL),2021,14,5,6,61,12.2,23,1,0,0,0,0,0,6.1
C.J. Uzomah (NYJ),2021,14,4,6,56,14.0,23,1,0,0,0,0,0,5.6
Marcedes Lewis (FA),2021,14,4,4,51,12.8,20,1,0,0,0,0,0,5.1
Noah Fant (SEA),2021,14,4,4,51,12.8,32,2,0,0,0,0,0,5.1
Geoff Swaim (FA),2021,14,3,4,45,15.0,24,1,0,0,0,0,0,4.5
Nick Vannett (NYG),2021,14,3,6,44,14.7,19,0,0,0,0,0,0,4.4
Josiah Deguara (GB),2021,14,3,3,44,14.7,25,1,0,0,0,0,0,4.4
Zach Ertz (ARI),2021,14,5,7,42,8.4,14,0,0,0,0,0,0,4.2
Will Dissly (SEA),2021,14,2,3,38,19.0,25,1,0,0,0,0,0,3.8
Anthony Firkser (FA),2021,14,4,5,34,8.5,11,0,0,0,0,0,0,3.4
Kendall Blanton (KC),2021,14,2,3,29,14.5,23,1,0,0,0,0,0,2.9
Ryan Griffin (FA),2021,14,2,3,28,14.0,22,1,0,0,0,0,0,2.8
Travis Kelce (KC),2021,14,3,4,27,9.0,19,0,0,0,0,0,0,2.7
Tommy Tremble (CAR),2021,14,2,2,23,11.5,14,0,0,0,0,0,0,2.3
James O'Shaughnessy (FA),2021,14,4,6,21,5.3,7,0,0,0,0,0,0,2.1
Tyler Conklin (NYJ),2021,14,2,2,20,10.0,19,0,0,0,0,0,0,2.0
Brock Wright (DET),2021,14,3,5,20,6.7,11,0,0,0,0,0,0,2.0
John Bates (WAS),2021,14,1,2,19,19.0,19,0,0,0,0,0,0,1.9
Shane Zylstra (DET),2021,14,2,6,18,9.0,14,0,0,0,0,0,0,1.8
Chris Herndon IV (FA),2021,14,1,1,17,17.0,17,0,0,0,0,0,0,1.7
Cole Kmet (CHI),2021,14,3,5,17,5.7,6,0,0,0,0,0,0,1.7
Juwan Johnson (NO),2021,14,1,1,15,15.0,15,0,0,0,0,0,0,1.5
Drew Sample (FA),2021,14,1,1,14,14.0,14,0,0,0,0,0,0,1.4
Donald Parham Jr. (LAC),2021,14,2,2,13,6.5,15,0,0,0,0,0,0,1.3
Foster Moreau (FA),2021,14,3,6,13,4.3,7,0,0,0,0,0,0,1.3
Lee Smith (FA),2021,14,1,1,12,12.0,12,0,0,0,0,0,0,1.2
Cameron Brate (FA),2021,14,2,4,11,5.5,6,0,0,0,0,0,0,1.1
Stephen Anderson (FA),2021,14,1,1,11,11.0,11,0,0,0,0,0,0,1.1
Jimmy Graham (FA),2021,14,2,3,9,4.5,6,0,0,0,0,0,0,0.9
Evan Engram (JAC),2021,14,1,4,8,8.0,8,0,0,0,0,0,0,0.8
Ricky Seals-Jones (FA),2021,14,1,4,8,8.0,8,0,0,0,0,0,0,0.8
Antony Auclair (FA),2021,14,1,1,6,6.0,6,0,0,0,0,0,0,0.6
Josh Oliver (MIN),2021,14,1,1,6,6.0,6,0,0,0,0,0,0,0.6
Jordan Akins (CLE),2021,14,1,1,6,6.0,6,0,0,0,0,0,0,0.6
MyCole Pruitt (FA),2021,14,1,3,5,5.0,5,0,0,0,0,0,0,0.5
Dalton Schultz (HOU),2021,14,1,3,4,4.0,4,0,0,0,0,0,0,0.4
Tyler Davis (GB),2021,14,0,0,0,0.0,0,0,0,0,0,0,0,0.0
Charlie Woerner (SF),2021,14,0,0,0,0.0,0,0,0,0,0,0,0,0.0
Ian Thomas (CAR),2021,14,0,2,0,0.0,0,0,0,0,0,0,0,0.0
Chris Myarick (NYG),2021,14,0,1,0,0.0,0,0,0,0,0,0,0,0.0
Mitchell Wilcox (FA),2021,14,0,0,0,0.0,0,0,0,0,0,0,0,0.0
Jake Hausmann (FA),2021,14,0,0,0,0.0,0,0,0,0,0,0,0,0.0
J.P. Holtz (FA),2021,14,0,0,0,0.0,0,0,0,0,0,0,0,0.0
Taysom Hill (NO),2021,14,0,0,0,0.0,0,0,0,11,73,2,0,0.0
Daniel Brown (FA),2021,14,0,0,0,0.0,0,0,0,0,0,0,0,0.0
Travis Kelce (KC),2021,15,10,13,191,19.1,69,7,2,0,0,0,0,31.1
Mark Andrews (BAL),2021,15,10,13,136,13.6,43,4,2,0,0,0,0,25.6
Hunter Henry (NE),2021,15,6,8,77,12.8,25,1,2,0,0,0,0,19.7
Dallas Goedert (PHI),2021,15,7,9,135,19.3,45,5,0,0,0,0,0,13.5
Dalton Schultz (HOU),2021,15,8,8,67,8.4,15,0,1,0,0,0,0,12.7
George Kittle (SF),2021,15,6,6,93,15.5,28,2,0,0,0,0,0,9.3
Jesper Horsted (LV),2021,15,1,1,19,19.0,19,0,1,0,0,0,0,7.9
Kyle Pitts (ATL),2021,15,4,7,77,19.3,49,3,0,0,0,0,0,7.7
Zach Ertz (ARI),2021,15,6,11,74,12.3,20,1,0,0,0,0,0,7.4
Cole Kmet (CHI),2021,15,6,9,71,11.8,23,1,0,0,0,0,0,7.1
Harrison Bryant (CLE),2021,15,2,2,11,5.5,6,0,1,0,0,0,0,7.1
Foster Moreau (FA),2021,15,7,9,65,9.3,14,0,0,0,0,0,0,6.5
Gerald Everett (LAC),2021,15,4,4,60,15.0,34,2,0,0,0,0,0,6.0
James O'Shaughnessy (FA),2021,15,4,4,60,15.0,30,2,0,0,0,0,0,6.0
Albert Okwuegbunam (DEN),2021,15,3,4,58,19.3,24,2,0,0,0,0,0,5.8
Noah Fant (SEA),2021,15,5,6,57,11.4,28,1,0,0,0,0,0,5.7
Mike Gesicki (NE),2021,15,5,8,43,8.6,20,1,0,0,0,0,0,4.3
Marcedes Lewis (FA),2021,15,3,3,40,13.3,23,1,0,0,0,0,0,4.0
Ryan Griffin (FA),2021,15,2,2,39,19.5,23,1,0,0,0,0,0,3.9
Dawson Knox (BUF),2021,15,4,5,38,9.5,15,0,0,0,0,0,0,3.8
Pat Freiermuth (PIT),2021,15,4,4,37,9.3,14,0,0,0,0,0,0,3.7
Tyler Kroft (FA),2021,15,2,2,35,17.5,24,1,0,0,0,0,0,3.5
Evan Engram (JAC),2021,15,4,5,33,8.3,15,0,0,0,0,0,0,3.3
Jared Cook (FA),2021,15,3,7,32,10.7,15,0,0,0,0,0,0,3.2
David Njoku (CLE),2021,15,3,5,29,9.7,13,0,0,0,0,0,0,2.9
Rob Gronkowski (FA),2021,15,2,11,29,14.5,19,0,0,0,0,0,0,2.9
John Bates (WAS),2021,15,1,1,29,29.0,29,1,0,0,0,0,0,2.9
Ricky Seals-Jones (FA),2021,15,4,7,29,7.3,12,0,0,0,0,0,0,2.9
Jordan Akins (CLE),2021,15,2,3,24,12.0,18,0,0,0,0,0,0,2.4
Tyler Davis (GB),2021,15,1,1,22,22.0,22,1,0,0,0,0,0,2.2
Cameron Brate (FA),2021,15,2,4,22,11.0,16,0,0,0,0,0,0,2.2
Jeremy Sprinkle (FA),2021,15,2,2,21,10.5,11,0,0,0,0,0,0,2.1
Trevon Wesco (FA),2021,15,1,1,19,19.0,19,0,0,0,0,0,0,1.9
C.J. Uzomah (NYJ),2021,15,3,4,18,6.0,8,0,0,0,0,0,0,1.8
Zach Gentry (PIT),2021,15,1,1,17,17.0,17,0,0,0,0,0,0,1.7
Josiah Deguara (GB),2021,15,3,5,16,5.3,9,0,0,0,0,0,0,1.6
Shane Zylstra (DET),2021,15,1,1,16,16.0,16,0,0,0,0,0,0,1.6
Jimmy Graham (FA),2021,15,1,2,13,13.0,13,0,0,0,0,0,0,1.3
Stephen Anderson (FA),2021,15,1,1,12,12.0,12,0,0,0,0,0,0,1.2
Chris Manhertz (DEN),2021,15,1,1,11,11.0,11,0,0,0,0,0,0,1.1
Brycen Hopkins (LAR),2021,15,1,1,9,9.0,9,0,0,0,0,0,0,0.9
Kyle Rudolph (FA),2021,15,1,1,9,9.0,9,0,0,0,0,0,0,0.9
Tommy Tremble (CAR),2021,15,1,4,8,8.0,8,0,0,0,0,0,0,0.8
Jack Stoll (PHI),2021,15,1,1,7,7.0,7,0,0,0,0,0,0,0.7
Tyler Conklin (NYJ),2021,15,1,3,7,7.0,7,0,0,0,0,0,0,0.7
Hayden Hurst (CAR),2021,15,2,2,6,3.0,4,0,0,0,0,0,0,0.6
Geoff Swaim (FA),2021,15,1,2,5,5.0,5,0,0,0,0,0,0,0.5
Jonnu Smith (ATL),2021,15,1,3,3,3.0,3,0,0,1,2,0,0,0.5
Ian Thomas (CAR),2021,15,1,1,5,5.0,5,0,0,0,0,0,0,0.5
Pharaoh Brown (FA),2021,15,2,2,5,2.5,3,0,0,0,0,0,0,0.5
Adam Trautman (NO),2021,15,1,2,4,4.0,4,0,0,0,0,0,0,0.4
Tre' McKitty (LAC),2021,15,1,1,4,4.0,4,0,0,0,0,0,0,0.4
Durham Smythe (MIA),2021,15,1,1,4,4.0,4,0,0,0,0,0,0,0.4
Will Dissly (SEA),2021,15,1,1,3,3.0,3,0,0,0,0,0,0,0.3
Blake Bell (KC),2021,15,0,1,0,0.0,0,0,0,1,3,0,0,0.3
Drew Sample (FA),2021,15,1,1,2,2.0,2,0,0,0,0,0,0,0.2
MyCole Pruitt (FA),2021,15,1,1,1,1.0,1,0,0,0,0,0,0,0.1
Rashod Berry (IND),2021,15,0,0,0,0.0,0,0,0,0,0,0,0,0.0
Andrew Beck (HOU),2021,15,0,0,0,0.0,0,0,0,0,0,0,0,0.0
Donald Parham Jr. (LAC),2021,15,0,1,0,0.0,0,0,0,0,0,0,0,0.0
Tommy Sweeney (NYG),2021,15,0,1,0,0.0,0,0,0,0,0,0,0,0.0
Kendall Blanton (KC),2021,15,0,1,0,0.0,0,0,0,0,0,0,0,0.0
Giovanni Ricci (CAR),2021,15,0,1,0,0.0,0,0,0,0,0,0,0,0.0
Juwan Johnson (NO),2021,15,0,0,0,0.0,0,0,0,0,0,0,0,0.0
Mitchell Wilcox (FA),2021,15,0,0,0,0.0,0,0,0,0,0,0,0,0.0
Charlie Woerner (SF),2021,15,0,0,0,0.0,0,0,0,0,0,0,0,0.0
Colby Parkinson (SEA),2021,15,0,0,0,0.0,0,0,0,0,0,0,0,0.0
Brock Wright (DET),2021,15,0,1,0,0.0,0,0,0,0,0,0,0,0.0
Hunter Long (LAR),2021,15,0,1,0,0.0,0,0,0,0,0,0,0,0.0
Miller Forristall (NO),2021,15,0,0,0,0.0,0,0,0,0,0,0,0,0.0
Luke Stocker (FA),2021,15,0,0,0,0.0,0,0,0,0,0,0,0,0.0
Lee Smith (FA),2021,15,0,1,0,0.0,0,0,0,0,0,0,0,0.0
Demetrius Harris (FA),2021,15,0,0,0,0.0,0,0,0,0,0,0,0,0.0
Jack Doyle (FA),2021,15,1,1,0,0.0,0,0,0,0,0,0,0,0.0
Nick Vannett (NYG),2021,15,0,1,0,0.0,0,0,0,0,0,0,0,0.0
Taysom Hill (NO),2021,15,0,0,0,0.0,0,0,0,11,33,0,0,0.0
O.J. Howard (LV),2021,15,0,1,0,0.0,0,0,0,0,0,0,0,0.0
Jacob Hollister (FA),2021,15,0,0,0,0.0,0,0,0,0,0,0,0,0.0
Mo Alie-Cox (IND),2021,15,0,1,0,0.0,0,0,0,0,0,0,0,0.0
Daniel Helm (FA),2021,15,1,1,-1,-1.0,0,0,0,0,0,0,0,-0.1
Anthony Firkser (FA),2021,15,2,2,19,9.5,11,0,0,0,0,0,1,-0.1
Mark Andrews (BAL),2021,16,8,10,125,15.6,28,2,1,0,0,0,0,18.5
Dalton Schultz (HOU),2021,16,8,9,82,10.3,16,0,1,0,0,0,0,14.2
Gerald Everett (LAC),2021,16,4,5,68,17.0,26,2,1,0,0,0,0,12.8
John Bates (WAS),2021,16,2,3,45,22.5,32,2,1,0,0,0,0,10.5
Kyle Pitts (ATL),2021,16,6,6,102,17.0,35,2,0,0,0,0,0,10.2
Jimmy Graham (FA),2021,16,2,2,30,15.0,15,0,1,0,0,0,0,9.0
Hayden Hurst (CAR),2021,16,2,2,21,10.5,12,0,1,0,0,0,0,8.1
Evan Engram (JAC),2021,16,4,5,17,4.3,9,0,1,0,0,0,0,7.7
Dawson Knox (BUF),2021,16,2,3,11,5.5,9,0,1,0,0,0,0,7.1
Cameron Brate (FA),2021,16,2,4,11,5.5,7,0,1,0,0,0,0,7.1
Foster Moreau (FA),2021,16,4,4,67,16.8,28,2,0,0,0,0,0,6.7
Jared Cook (FA),2021,16,3,5,44,14.7,18,0,0,0,0,0,0,6.4
Harrison Bryant (CLE),2021,16,1,1,1,1.0,1,0,1,0,0,0,0,6.1
Brevin Jordan (HOU),2021,16,4,4,56,14.0,27,1,0,0,0,0,0,5.6
Zach Ertz (ARI),2021,16,8,13,54,6.8,11,0,0,0,0,0,0,5.4
Cole Kmet (CHI),2021,16,4,5,49,12.3,16,0,0,0,0,0,0,4.9
James O'Shaughnessy (FA),2021,16,4,4,49,12.3,22,1,0,0,0,0,0,4.9
Tyler Conklin (NYJ),2021,16,4,5,44,11.0,19,0,0,0,0,0,0,4.4
Mo Alie-Cox (IND),2021,16,2,4,42,21.0,37,2,0,0,0,0,0,4.2
Tyler Higbee (LAR),2021,16,5,6,41,8.2,12,0,0,0,0,0,0,4.1
C.J. Uzomah (NYJ),2021,16,5,7,36,7.2,16,0,0,0,0,0,0,3.6
Stephen Anderson (FA),2021,16,2,2,34,17.0,27,1,0,0,0,0,0,3.4
Zach Gentry (PIT),2021,16,4,4,31,7.8,12,0,0,0,0,0,0,3.1
Durham Smythe (MIA),2021,16,3,3,31,10.3,13,0,0,0,0,0,0,3.1
Noah Fant (SEA),2021,16,3,4,30,10.0,20,1,0,0,0,0,0,3.0
Tyler Kroft (FA),2021,16,3,5,29,9.7,22,1,0,0,0,0,0,2.9
Dallas Goedert (PHI),2021,16,2,4,28,14.0,16,0,0,0,0,0,0,2.8
Austin Hooper (LV),2021,16,3,5,26,8.7,11,0,0,0,0,0,0,2.6
Rob Gronkowski (FA),2021,16,1,2,23,23.0,23,1,0,0,0,0,0,2.3
Tommy Tremble (CAR),2021,16,2,2,22,11.0,14,0,0,0,0,0,0,2.2
Mike Gesicki (NE),2021,16,3,4,22,7.3,12,0,0,0,0,0,0,2.2
George Kittle (SF),2021,16,2,3,21,10.5,16,0,0,0,0,0,0,2.1
Jacob Hollister (FA),2021,16,2,2,20,10.0,11,0,0,0,0,0,0,2.0
Anthony Firkser (FA),2021,16,1,1,13,13.0,13,0,0,0,0,0,0,1.3
Tre' McKitty (LAC),2021,16,1,1,12,12.0,12,0,0,0,0,0,0,1.2
Noah Gray (KC),2021,16,2,2,12,6.0,7,0,0,0,0,0,0,1.2
Blake Bell (KC),2021,16,1,1,11,11.0,11,0,0,0,0,0,0,1.1
Geoff Swaim (FA),2021,16,3,3,10,3.3,6,0,0,0,0,0,0,1.0
Pharaoh Brown (FA),2021,16,2,3,10,5.0,6,0,0,0,0,0,0,1.0
Hunter Henry (NE),2021,16,1,6,9,9.0,9,0,0,0,0,0,0,0.9
Drew Sample (FA),2021,16,2,2,9,4.5,5,0,0,0,0,0,0,0.9
Ethan Wolf (FA),2021,16,2,2,8,4.0,4,0,0,0,0,0,0,0.8
Kevin Rader (TEN),2021,16,1,2,7,7.0,7,0,0,0,0,0,0,0.7
Chris Myarick (NYG),2021,16,1,2,6,6.0,6,0,0,0,0,0,0,0.6
Kylen Granson (IND),2021,16,1,1,6,6.0,6,0,0,0,0,0,0,0.6
Josiah Deguara (GB),2021,16,2,3,5,2.5,4,0,0,0,0,0,0,0.5
Ian Thomas (CAR),2021,16,1,1,4,4.0,4,0,0,0,0,0,0,0.4
Brock Wright (DET),2021,16,3,3,4,1.3,5,0,0,0,0,0,0,0.4
Demetrius Harris (FA),2021,16,1,1,3,3.0,3,0,0,0,0,0,0,0.3
Marcedes Lewis (FA),2021,16,2,3,2,1.0,1,0,0,0,0,0,0,0.2
Farrod Green (FA),2021,16,0,0,0,0.0,0,0,0,0,0,0,0,0.0
Sean McKeon (DAL),2021,16,0,0,0,0.0,0,0,0,0,0,0,0,0.0
Giovanni Ricci (CAR),2021,16,0,1,0,0.0,0,0,0,0,0,0,0,0.0
Reggie Gilliam (BUF),2021,16,1,1,8,8.0,8,0,0,0,0,0,0,0.0
Rashod Berry (IND),2021,16,0,0,0,0.0,0,0,0,0,0,0,0,0.0
Stephen Sullivan (CAR),2021,16,0,1,0,0.0,0,0,0,0,0,0,0,0.0
J.J. Arcega-Whiteside (FA),2021,16,0,0,0,0.0,0,0,0,0,0,0,0,0.0
Albert Okwuegbunam (DEN),2021,16,0,2,0,0.0,0,0,0,0,0,0,0,0.0
Tyree Jackson (PHI),2021,16,0,1,0,0.0,0,0,0,0,0,0,0,0.0
Jordan Akins (CLE),2021,16,0,1,0,0.0,0,0,0,0,0,0,0,0.0
Trevon Wesco (FA),2021,16,0,0,0,0.0,0,0,0,0,0,0,0,0.0
Colby Parkinson (SEA),2021,16,0,1,0,0.0,0,0,0,0,0,0,0,0.0
Mitchell Wilcox (FA),2021,16,0,0,0,0.0,0,0,0,0,0,0,0,0.0
Shane Zylstra (DET),2021,16,0,0,0,0.0,0,0,0,0,0,0,0,0.0
Briley Moore (FA),2021,16,0,0,0,0.0,0,0,0,0,0,0,0,0.0
Jack Stoll (PHI),2021,16,0,0,0,0.0,0,0,0,0,0,0,0,0.0
Sammis Reyes (FA),2021,16,0,0,0,0.0,0,0,0,0,0,0,0,0.0
Kyle Rudolph (FA),2021,16,0,1,0,0.0,0,0,0,0,0,0,0,0.0
J.P. Holtz (FA),2021,16,0,0,0,0.0,0,0,0,0,0,0,0,0.0
Nick Vannett (NYG),2021,16,0,1,0,0.0,0,0,0,0,0,0,0,0.0
James Winchester (KC),2021,16,0,0,0,0.0,0,0,0,0,0,0,0,0.0
Patrick Scales (CHI),2021,16,0,0,0,0.0,0,0,0,0,0,0,0,0.0
O.J. Howard (LV),2021,16,0,0,0,0.0,0,0,0,0,0,0,0,0.0
David Njoku (CLE),2021,16,0,2,0,0.0,0,0,0,0,0,0,0,0.0
Jonnu Smith (ATL),2021,16,0,0,0,0.0,0,0,0,0,0,0,0,0.0
Jeremy Sprinkle (FA),2021,16,0,0,0,0.0,0,0,0,0,0,0,0,0.0
Eric Tomlinson (FA),2021,16,0,0,0,0.0,0,0,0,0,0,0,0,0.0
MyCole Pruitt (FA),2021,16,0,0,0,0.0,0,0,0,0,0,0,0,0.0
Ricky Seals-Jones (FA),2021,16,1,1,-4,-4.0,0,0,0,0,0,0,0,-0.4
Noah Fant (SEA),2021,17,6,7,92,15.3,35,2,1,0,0,0,0,15.2
Rob Gronkowski (FA),2021,17,7,10,115,16.4,24,3,0,0,0,0,0,11.5
Mark Andrews (BAL),2021,17,6,6,89,14.8,33,2,0,0,0,0,0,8.9
David Njoku (CLE),2021,17,4,4,28,7.0,9,0,1,0,0,0,0,8.8
Anthony Firkser (FA),2021,17,3,3,24,8.0,15,0,1,0,0,0,0,8.4
Travis Kelce (KC),2021,17,5,7,25,5.0,8,0,1,1,-1,0,0,8.4
Dallas Goedert (PHI),2021,17,6,7,71,11.8,18,0,0,0,0,0,0,7.1
Tyler Higbee (LAR),2021,17,6,9,69,11.5,19,0,0,0,0,0,0,6.9
Kyle Pitts (ATL),2021,17,2,4,69,34.5,61,4,0,0,0,0,0,6.9
Geoff Swaim (FA),2021,17,3,3,9,3.0,5,0,1,0,0,0,0,6.9
Cameron Brate (FA),2021,17,2,3,5,2.5,4,0,1,0,0,0,0,6.5
Harrison Bryant (CLE),2021,17,1,1,1,1.0,1,0,1,0,0,0,0,6.1
Dalton Schultz (HOU),2021,17,6,10,54,9.0,14,0,0,0,0,0,0,5.4
Mike Gesicki (NE),2021,17,4,7,51,12.8,15,0,0,0,0,0,0,5.1
Tyler Conklin (NYJ),2021,17,5,9,47,9.4,15,0,0,0,0,0,0,4.7
Zach Ertz (ARI),2021,17,7,9,41,5.9,11,0,0,0,0,0,0,4.1
Hunter Henry (NE),2021,17,3,5,37,12.3,17,0,0,0,0,0,0,3.7
Durham Smythe (MIA),2021,17,3,3,37,12.3,21,1,0,0,0,0,0,3.7
Blake Bell (KC),2021,17,3,3,35,11.7,24,1,0,1,2,0,0,3.7
Gerald Everett (LAC),2021,17,3,5,36,12.0,15,0,0,0,0,0,0,3.6
Kenny Yeboah (NYJ),2021,17,2,2,36,18.0,24,1,0,0,0,0,0,3.6
John Bates (WAS),2021,17,3,4,35,11.7,24,1,0,0,0,0,0,3.5
George Kittle (SF),2021,17,1,2,29,29.0,29,1,0,1,6,0,0,3.5
Ian Thomas (CAR),2021,17,3,3,33,11.0,21,1,0,0,0,0,0,3.3
C.J. Uzomah (NYJ),2021,17,4,6,32,8.0,11,0,0,0,0,0,0,3.2
Parker Hesse (ATL),2021,17,3,3,31,10.3,17,0,0,0,0,0,0,3.1
Daniel Brown (FA),2021,17,2,2,29,14.5,24,1,0,0,0,0,0,2.9
Austin Hooper (LV),2021,17,2,5,28,14.0,21,1,0,0,0,0,0,2.8
Mo Alie-Cox (IND),2021,17,3,5,28,9.3,17,0,0,0,0,0,0,2.8
Cole Kmet (CHI),2021,17,3,5,25,8.3,11,0,0,0,0,0,0,2.5
Jonnu Smith (ATL),2021,17,1,1,20,20.0,20,1,0,1,5,0,0,2.5
Tre' McKitty (LAC),2021,17,3,3,22,7.3,8,0,0,0,0,0,0,2.2
Pat Freiermuth (PIT),2021,17,5,6,22,4.4,12,0,0,0,0,0,0,2.2
Evan Engram (JAC),2021,17,1,2,12,12.0,12,0,0,0,0,0,0,1.2
Colby Parkinson (SEA),2021,17,1,1,12,12.0,12,0,0,0,0,0,0,1.2
Josiah Deguara (GB),2021,17,2,3,11,5.5,7,0,0,0,0,0,0,1.1
Foster Moreau (FA),2021,17,1,1,9,9.0,9,0,0,0,0,0,0,0.9
Pharaoh Brown (FA),2021,17,1,1,9,9.0,9,0,0,0,0,0,0,0.9
Tyler Davis (GB),2021,17,2,2,9,4.5,9,0,0,0,0,0,0,0.9
Brevin Jordan (HOU),2021,17,1,1,9,9.0,9,0,0,0,0,0,0,0.9
Will Dissly (SEA),2021,17,1,1,8,8.0,8,0,0,0,0,0,0,0.8
Stephen Anderson (FA),2021,17,1,1,8,8.0,8,0,0,0,0,0,0,0.8
Ricky Seals-Jones (FA),2021,17,1,2,8,8.0,8,0,0,0,0,0,0,0.8
Luke Farrell (JAC),2021,17,1,2,7,7.0,7,0,0,0,0,0,0,0.7
Noah Gray (KC),2021,17,1,1,6,6.0,6,0,0,0,0,0,0,0.6
Albert Okwuegbunam (DEN),2021,17,2,2,5,2.5,6,0,0,0,0,0,0,0.5
Juwan Johnson (NO),2021,17,1,2,4,4.0,4,0,0,0,0,0,0,0.4
Jesse James (FA),2021,17,1,1,4,4.0,4,0,0,0,0,0,0,0.4
Nick Boyle (FA),2021,17,1,1,2,2.0,2,0,0,0,0,0,0,0.2
Giovanni Ricci (CAR),2021,17,0,0,0,0.0,0,0,0,0,0,0,0,0.0
Kevin Rader (TEN),2021,17,0,0,0,0.0,0,0,0,0,0,0,0,0.0
Drew Sample (FA),2021,17,0,0,0,0.0,0,0,0,0,0,0,0,0.0
Dawson Knox (BUF),2021,17,0,2,0,0.0,0,0,0,0,0,0,0,0.0
Zach Gentry (PIT),2021,17,1,2,0,0.0,0,0,0,0,0,0,0,0.0
Charlie Woerner (SF),2021,17,0,0,0,0.0,0,0,0,0,0,0,0,0.0
Sammis Reyes (FA),2021,17,0,0,0,0.0,0,0,0,0,0,0,0,0.0
Dominique Dafney (TB),2021,17,0,1,0,0.0,0,0,0,0,0,0,0,0.0
Kyle Rudolph (FA),2021,17,0,1,0,0.0,0,0,0,0,0,0,0,0.0
Jimmy Graham (FA),2021,17,0,1,0,0.0,0,0,0,0,0,0,0,0.0
Patrick Scales (CHI),2021,17,0,0,0,0.0,0,0,0,0,0,0,0,0.0
Taysom Hill (NO),2021,17,0,0,0,0.0,0,0,0,12,45,0,0,0.0
Darrell Daniels (FA),2021,17,0,0,0,0.0,0,0,0,0,0,0,0,0.0
Eric Saubert (MIA),2021,17,0,1,0,0.0,0,0,0,0,0,0,0,0.0
Chris Manhertz (DEN),2021,17,0,1,0,0.0,0,0,0,0,0,0,0,0.0
Tyler Higbee (LAR),2021,18,6,8,55,9.2,15,0,2,0,0,0,0,17.5
Dalton Schultz (HOU),2021,18,3,3,21,7.0,10,0,2,0,0,0,0,14.1
Rob Gronkowski (FA),2021,18,7,10,137,19.6,42,5,0,0,0,0,0,13.7
Josiah Deguara (GB),2021,18,3,4,66,22.0,62,4,1,0,0,0,0,12.6
Anthony Firkser (FA),2021,18,4,4,56,14.0,24,1,1,0,0,0,0,11.6
Brock Wright (DET),2021,18,2,2,51,25.5,36,2,1,0,0,0,0,11.1
Travis Kelce (KC),2021,18,4,5,34,8.5,12,0,1,0,0,0,0,9.4
Hunter Henry (NE),2021,18,5,6,86,17.2,35,4,0,0,0,0,0,8.6
Mark Andrews (BAL),2021,18,8,15,85,10.6,28,1,0,1,0,0,0,8.5
Zach Ertz (ARI),2021,18,7,10,84,12.0,19,0,0,0,0,0,0,8.4
Tyree Jackson (PHI),2021,18,3,5,22,7.3,13,0,1,0,0,0,0,8.2
Jared Cook (FA),2021,18,4,7,80,20.0,42,3,0,0,0,0,0,8.0
Adam Trautman (NO),2021,18,1,1,18,18.0,18,0,1,0,0,0,0,7.8
Juwan Johnson (NO),2021,18,1,2,5,5.0,5,0,1,0,0,0,0,6.5
Pat Freiermuth (PIT),2021,18,6,9,53,8.8,14,0,0,0,0,0,0,5.3
Dawson Knox (BUF),2021,18,3,5,49,16.3,28,1,0,0,4,0,0,5.3
Foster Moreau (FA),2021,18,2,2,50,25.0,44,3,0,0,0,0,0,5.0
Cole Kmet (CHI),2021,18,4,5,48,12.0,20,1,0,0,0,0,0,4.8
Zach Gentry (PIT),2021,18,4,5,39,9.8,25,1,0,0,0,0,0,3.9
Hayden Hurst (CAR),2021,18,1,1,33,33.0,33,2,0,0,0,0,0,3.3
Durham Smythe (MIA),2021,18,2,2,32,16.0,17,0,0,0,0,0,0,3.2
Mo Alie-Cox (IND),2021,18,2,3,27,13.5,18,0,0,0,0,0,0,2.7
Dominique Dafney (TB),2021,18,1,1,26,26.0,26,1,0,0,0,0,0,2.6
Darren Waller (NYG),2021,18,2,9,22,11.0,18,0,0,0,0,0,0,2.2
Mike Gesicki (NE),2021,18,2,3,22,11.0,13,0,0,0,0,0,0,2.2
Gerald Everett (LAC),2021,18,1,3,20,20.0,20,1,0,0,0,0,0,2.0
Kyle Rudolph (FA),2021,18,4,6,17,4.3,9,0,0,0,0,0,0,1.7
Mitchell Wilcox (FA),2021,18,3,5,16,5.3,8,0,0,0,0,0,0,1.6
Noah Fant (SEA),2021,18,1,2,16,16.0,16,0,0,0,0,0,0,1.6
Jimmy Graham (FA),2021,18,2,2,16,8.0,10,0,0,0,0,0,0,1.6
Jacob Hollister (FA),2021,18,3,3,14,4.7,7,0,0,0,0,0,0,1.4
Colby Parkinson (SEA),2021,18,2,3,14,7.0,12,0,0,0,0,0,0,1.4
Cameron Brate (FA),2021,18,2,3,12,6.0,7,0,0,0,0,0,0,1.2
Jack Doyle (FA),2021,18,1,2,11,11.0,11,0,0,0,0,0,0,1.1
Tommy Tremble (CAR),2021,18,2,5,7,3.5,6,0,0,1,4,0,0,1.1
David Njoku (CLE),2021,18,2,2,11,5.5,6,0,0,0,0,0,0,1.1
Richard Rodgers (FA),2021,18,2,2,11,5.5,9,0,0,0,0,0,0,1.1
Jeremy Sprinkle (FA),2021,18,1,1,10,10.0,10,0,0,0,0,0,0,1.0
Nick Vannett (NYG),2021,18,1,1,10,10.0,10,0,0,0,0,0,0,1.0
George Kittle (SF),2021,18,5,7,10,2.0,6,0,0,0,0,0,0,1.0
Harrison Bryant (CLE),2021,18,1,3,9,9.0,9,0,0,0,0,0,0,0.9
Kyle Pitts (ATL),2021,18,2,5,8,4.0,7,0,0,0,0,0,0,0.8
Drew Sample (FA),2021,18,1,1,8,8.0,8,0,0,0,0,0,0,0.8
Antony Auclair (FA),2021,18,1,1,7,7.0,7,0,0,0,0,0,0,0.7
Tyler Conklin (NYJ),2021,18,2,4,6,3.0,9,0,0,0,0,0,0,0.6
Blake Jarwin (FA),2021,18,1,2,6,6.0,6,0,0,0,0,0,0,0.6
Jonnu Smith (ATL),2021,18,0,0,0,0.0,0,0,0,1,5,0,0,0.5
Tyler Kroft (FA),2021,18,1,3,5,5.0,5,0,0,0,0,0,0,0.5
John Bates (WAS),2021,18,1,2,5,5.0,5,0,0,0,0,0,0,0.5
Evan Engram (JAC),2021,18,1,5,4,4.0,4,0,0,0,0,0,0,0.4
Geoff Swaim (FA),2021,18,1,1,2,2.0,2,0,0,0,0,0,0,0.2
Josh Oliver (MIN),2021,18,1,1,1,1.0,1,0,0,0,0,0,0,0.1
Rashod Berry (IND),2021,18,0,0,0,0.0,0,0,0,0,0,0,0,0.0
Luke Farrell (JAC),2021,18,0,0,0,0.0,0,0,0,0,0,0,0,0.0
Noah Togiai (ARI),2021,18,0,0,0,0.0,0,0,0,0,0,0,0,0.0
Ben Ellefson (MIN),2021,18,0,0,0,0.0,0,0,0,0,0,0,0,0.0
Giovanni Ricci (CAR),2021,18,0,0,0,0.0,0,0,0,0,0,0,0,0.0
Tyler Davis (GB),2021,18,0,1,0,0.0,0,0,0,0,0,0,0,0.0
Reggie Gilliam (BUF),2021,18,0,1,0,0.0,0,0,0,0,0,0,0,0.0
J.J. Arcega-Whiteside (FA),2021,18,0,3,0,0.0,0,0,0,0,0,0,0,0.0
Albert Okwuegbunam (DEN),2021,18,0,0,0,0.0,0,0,0,0,0,0,0,0.0
Tre' McKitty (LAC),2021,18,0,1,0,0.0,0,0,0,0,0,0,0,0.0
Luke Stocker (FA),2021,18,0,0,0,0.0,0,0,0,0,0,0,0,0.0
Derek Carrier (FA),2021,18,0,0,0,0.0,0,0,0,0,0,0,0,0.0
Marcedes Lewis (FA),2021,18,0,1,0,0.0,0,0,0,0,0,0,0,0.0
Taysom Hill (NO),2021,18,0,0,0,0.0,0,0,0,5,18,0,0,0.0
Cethan Carter (FA),2021,18,0,0,0,0.0,0,0,0,0,0,0,0,0.0
Darrell Daniels (FA),2021,18,0,0,0,0.0,0,0,0,0,0,0,0,0.0
Eric Tomlinson (FA),2021,18,0,1,0,0.0,0,0,0,0,0,0,0,0.0
Blake Bell (KC),2021,18,0,0,0,0.0,0,0,0,0,0,0,0,0.0
